n1   ,0.0666719,0.0610309,5.8365e-05,0.0687742  ,0.0684705,0.0804432,0.0633548,0.0468636,0.0681903,0.0557858   ,n557,n2,_
n2   ,0.0697774,0.0644714,5.50496e-05,0.0529878  ,0.0726714,0.0571853,0.0684705,0.0804432,0.0681903,0.0557858   ,n1,n175,n556
n3   ,0.190375,0.0557619,2.49883e-05,0.0311002  ,0.196038,0.0530742,0.193195,0.0573656,0.181893,0.056846   ,n137,n4,n364
n4   ,0.192262,0.0522613,3.86137e-05,0.0411377  ,0.198854,0.0468636,0.196038,0.0530742,0.181893,0.056846   ,n3,n587,n443
n5   ,0.0614441,-0.0819282,9.67092e-05,0.0620653  ,0.0516078,-0.0875012,0.0789583,-0.0785598,0.0537661,-0.0797237   ,n6,n106,_
n6   ,0.0647356,-0.076579,9.96826e-05,0.0553954  ,0.0537661,-0.0797237,0.0789583,-0.0785598,0.0614825,-0.0714534   ,n457,n268,n5
n7   ,-0.407253,-0.0126875,0.000227944,0.0713509  ,-0.414444,-0.0264774,-0.39657,-0.0133329,-0.410746,0.00174785   ,n426,n82,n73
n8   ,-0.145721,-0.00068599,0.000443288,0.0970565  ,-0.143118,-0.016883,-0.129349,0.0109781,-0.164695,0.00384692   ,n21,n204,n154
n9   ,-0.00906204,-0.00968667,3.91309e-05,0.0288866  ,-0.00599169,-0.00431393,-0.0145105,-0.0107243,-0.00668397,-0.0140218   ,n130,n352,n262
n10   ,-0.0255006,-0.00410839,6.02874e-05,0.0354278  ,-0.0314611,-0.00124017,-0.0253181,-0.0109392,-0.0197226,-0.000145846   ,n34,n163,n109
n11   ,-0.245834,0.00232588,0.000263744,0.0762558  ,-0.239753,-0.0121027,-0.236853,0.00993214,-0.260895,0.00914821   ,n105,n103,n477
n12   ,-0.0723627,-0.0890718,4.31194e-05,0.036372  ,-0.0781777,-0.0906026,-0.0738491,-0.0944066,-0.0650614,-0.0822061   ,n581,n115,_
n13   ,-0.0171411,0.00617196,5.17433e-05,0.0339514  ,-0.0213644,0.00919871,-0.0197226,-0.000145846,-0.0103363,0.00946303   ,n118,n257,n145
n14   ,-0.240413,-0.0551193,0.000551065,0.110893  ,-0.258274,-0.0709271,-0.216997,-0.0549635,-0.245969,-0.0394673   ,n99,n346,n45
n15   ,0.141678,-0.0884602,9.08251e-05,0.0461948  ,0.133137,-0.0954559,0.150466,-0.0883519,0.141431,-0.0815729   ,n486,n216,n585
n16   ,0.075263,0.0836921,8.48933e-05,0.0447888  ,0.0716186,0.0902809,0.0684705,0.0804432,0.0857001,0.0803523   ,n152,n555,_
n17   ,0.19501,0.0776872,7.1112e-05,0.0384956  ,0.200404,0.0825536,0.187582,0.079775,0.197043,0.0707329   ,n196,n117,n22
n18   ,-0.05864,0.025982,0.000315369,0.0826348  ,-0.0762004,0.0207588,-0.0476884,0.0172667,-0.0520311,0.0399205   ,n43,n159,n161
n19   ,-0.212245,-0.0365079,0.000315865,0.0862469  ,-0.221977,-0.0299887,-0.216997,-0.0549635,-0.197762,-0.0245715   ,n25,n379,n99
n20   ,-0.0709772,0.00399433,0.000234746,0.0765326  ,-0.0752774,-0.0121658,-0.0614539,0.00338998,-0.0762004,0.0207588   ,n161,_,n463
n21   ,-0.149981,0.0157949,0.00047607,0.100302  ,-0.1559,0.0325595,-0.164695,0.00384692,-0.129349,0.0109781   ,n8,n285,n191
n22   ,0.194877,0.0829421,3.0507e-05,0.0298519  ,0.200404,0.0825536,0.196646,0.0864977,0.187582,0.079775   ,n84,n17,n552
n23   ,-0.0402807,0.0629085,0.000184782,0.0648479  ,-0.0542455,0.0661524,-0.0385296,0.0536804,-0.028067,0.0688928   ,n410,n136,n108
n24   ,-0.0141896,-0.0170048,3.6677e-05,0.0317575  ,-0.018233,-0.0218695,-0.00668397,-0.0140218,-0.017652,-0.0151232   ,n130,n490,n564
n25   ,-0.198114,-0.0430495,0.000517121,0.10471  ,-0.179581,-0.0496136,-0.197762,-0.0245715,-0.216997,-0.0549635   ,n19,n392,n277
n26   ,-0.0199652,-0.0512261,0.000114753,0.0549844  ,-0.029988,-0.0568153,-0.00655882,-0.0513828,-0.0233486,-0.0454801   ,_,n496,n209
n27   ,0.224892,0.025575,0.0002607,0.0774205  ,0.215381,0.0380752,0.224432,0.00790612,0.234863,0.0307438   ,n254,n429,_
n28   ,0.210306,0.0628916,9.90468e-05,0.0483221  ,0.200789,0.0593306,0.22089,0.0599136,0.209238,0.0694305   ,n467,n165,_
n29   ,-0.421301,0.0503045,0.000425018,0.0970248  ,-0.422177,0.0280077,-0.408199,0.0603397,-0.433527,0.0625661   ,n316,n68,n74
n30   ,-0.0735574,0.0850437,2.80108e-05,0.0299926  ,-0.0747673,0.0896251,-0.0780465,0.0866082,-0.0678583,0.0788977   ,n577,n576,_
n31   ,-0.319192,-0.0241398,0.00032053,0.0883195  ,-0.328278,-0.0438449,-0.304682,-0.0161913,-0.324615,-0.0123833   ,n441,n214,_
n32   ,0.281149,-0.0121864,0.000299175,0.0791514  ,0.295788,-0.00534208,0.267829,-0.00478955,0.279831,-0.0264277   ,n144,n47,n53
n33   ,0.121385,0.0365712,0.000224393,0.0735696  ,0.107297,0.0481753,0.123533,0.0241825,0.133324,0.0373558   ,n509,n50,n58
n34   ,-0.0198504,-0.00726976,5.77239e-05,0.0347601  ,-0.0253181,-0.0109392,-0.0145105,-0.0107243,-0.0197226,-0.000145846   ,n262,n10,n138
n35   ,-0.410769,-0.0648132,0.000116486,0.052245  ,-0.400562,-0.0640101,-0.411889,-0.057293,-0.419855,-0.0731364   ,n300,n147,n88
n36   ,0.268963,0.00956845,0.000189889,0.0642754  ,0.278343,0.0166945,0.260717,0.0168004,0.267829,-0.00478955   ,n37,n53,n306
n37   ,0.259994,0.0046578,0.000152962,0.0579631  ,0.267829,-0.00478955,0.260717,0.0168004,0.251435,0.00196255   ,n201,n127,n36
n38   ,0.0280223,0.0758718,8.7405e-05,0.0496999  ,0.0387237,0.0770217,0.0275692,0.0812682,0.017774,0.0693255   ,n475,n41,n266
n39   ,0.154196,-0.0856815,5.50953e-05,0.0371626  ,0.161077,-0.0906026,0.151045,-0.0780901,0.150466,-0.0883519   ,n486,n72,n586
n40   ,-0.0443966,-0.0756763,0.000289528,0.0868523  ,-0.0339296,-0.0950624,-0.0405419,-0.0643749,-0.0587183,-0.0675916   ,n488,n64,n206
n41   ,0.0296842,0.0698207,0.000121931,0.0535646  ,0.0325547,0.0631151,0.0387237,0.0770217,0.017774,0.0693255   ,n38,n373,n178
n42   ,-0.443532,0.0279534,0.000633943,0.11489  ,-0.454462,0.0477162,-0.453958,0.00813639,-0.422177,0.0280077   ,n44,n68,_
n43   ,-0.0448426,0.0277572,0.000165036,0.0607674  ,-0.0520311,0.0399205,-0.0476884,0.0172667,-0.0348084,0.0260844   ,n384,n65,n18
n44   ,-0.435853,0.00902224,0.000497424,0.104059  ,-0.453958,0.00813639,-0.431424,-0.00907733,-0.422177,0.0280077   ,n49,n42,n280
n45   ,-0.234448,-0.0726891,0.000679621,0.120011  ,-0.258274,-0.0709271,-0.228073,-0.0921767,-0.216997,-0.0549635   ,n94,n14,_
n46   ,-0.154311,-0.0283103,0.000396429,0.0913456  ,-0.143118,-0.016883,-0.171207,-0.0219483,-0.148608,-0.0460996   ,n107,n200,n204
n47   ,0.293573,-0.021946,0.000327388,0.0830422  ,0.305101,-0.0340683,0.295788,-0.00534208,0.279831,-0.0264277   ,n32,n197,_
n48   ,-0.0271685,0.0277821,7.09836e-05,0.0385034  ,-0.0220369,0.0227283,-0.0246603,0.0345336,-0.0348084,0.0260844   ,n236,n231,_
n49   ,-0.421449,0.00689273,0.000333381,0.0902012  ,-0.422177,0.0280077,-0.431424,-0.00907733,-0.410746,0.00174785   ,n82,n423,n44
n50   ,0.123586,0.0483206,0.000270025,0.075952  ,0.107297,0.0481753,0.133324,0.0373558,0.130136,0.0594306   ,n326,n287,n33
n51   ,-0.027252,-0.020612,3.21759e-05,0.0273407  ,-0.0245291,-0.0244929,-0.0235144,-0.0180611,-0.0337123,-0.0192821   ,n143,n157,n345
n52   ,0.145167,0.0367857,0.000226137,0.0744127  ,0.142807,0.0241701,0.159371,0.0488312,0.133324,0.0373558   ,n54,n509,n80
n53   ,0.280653,0.00218763,0.000303242,0.0799893  ,0.295788,-0.00534208,0.278343,0.0166945,0.267829,-0.00478955   ,n36,n32,_
n54   ,0.145249,0.0465036,0.000152154,0.0640884  ,0.133324,0.0373558,0.159371,0.0488312,0.143051,0.0533238   ,n492,n326,n52
n55   ,-0.0707041,-0.0308111,0.000165962,0.062319  ,-0.0845577,-0.0320008,-0.0668302,-0.0384649,-0.0607246,-0.0219676   ,n297,n179,n428
n56   ,-0.356452,-0.033502,0.000325521,0.0850833  ,-0.35713,-0.0524992,-0.344596,-0.0214012,-0.367629,-0.0266056   ,n87,n233,n101
n57   ,-0.438996,-0.067292,0.00022697,0.0729437  ,-0.452951,-0.0710233,-0.435426,-0.0771804,-0.42861,-0.0536723   ,n133,n182,n390
n58   ,0.112884,0.0325699,0.000178995,0.0675554  ,0.107297,0.0481753,0.107822,0.0253517,0.123533,0.0241825   ,n218,n33,_
n59   ,0.0824374,0.0619572,5.67323e-05,0.0365978  ,0.0760706,0.064125,0.0805088,0.0566733,0.0907326,0.0650732   ,n222,n66,n524
n60   ,-0.0498607,-0.0446452,0.000148082,0.056389  ,-0.0518166,-0.0354883,-0.0589333,-0.0526435,-0.0388322,-0.0458039   ,n162,n121,n245
n61   ,-0.377853,0.0699955,0.000429974,0.101997  ,-0.392846,0.0889255,-0.382717,0.057017,-0.357997,0.064044   ,n458,n126,n114
n62   ,-0.0196396,-0.0785272,0.000310403,0.0896746  ,-0.0339296,-0.0950624,-0.00209008,-0.0727014,-0.0228991,-0.0678177   ,n412,n206,n227
n63   ,0.263785,0.053143,0.000157134,0.0600071  ,0.277424,0.0502741,0.256559,0.0623432,0.257372,0.0468116   ,n215,n170,n96
n64   ,-0.0525698,-0.08162,0.000268262,0.0866153  ,-0.0339296,-0.0950624,-0.0587183,-0.0675916,-0.0650614,-0.0822061   ,n495,n581,n40
n65   ,-0.0413102,0.0354723,0.00010759,0.0515486  ,-0.0520311,0.0399205,-0.0348084,0.0260844,-0.0370912,0.0404122   ,n236,n487,n43
n66   ,0.0823489,0.0672322,5.94074e-05,0.0368996  ,0.0760706,0.064125,0.0907326,0.0650732,0.0802435,0.0724984   ,n318,n607,n59
n67   ,0.028907,0.0135921,0.000110834,0.0560728  ,0.016068,0.0214822,0.0326109,0.00556084,0.0380421,0.0137332   ,n447,n568,n388
n68   ,-0.436722,0.0460967,0.000446002,0.0998656  ,-0.454462,0.0477162,-0.422177,0.0280077,-0.433527,0.0625661   ,n29,n195,n42
n69   ,0.00498713,-0.0580736,0.000324367,0.0861774  ,-0.00655882,-0.0513828,-0.00209008,-0.0727014,0.0236103,-0.0501367   ,n343,_,n412
n70   ,-0.0151664,0.066556,0.000126897,0.0556403  ,-0.028067,0.0688928,-0.0127849,0.0595669,-0.0046474,0.0712084   ,n469,n193,n282
n71   ,0.12309,-0.00120132,0.000294275,0.0782137  ,0.108346,0.00252813,0.127295,-0.015571,0.133629,0.00943891   ,n259,n160,n291
n72   ,0.157146,-0.0909018,1.80305e-05,0.0250755  ,0.159896,-0.0937507,0.161077,-0.0906026,0.150466,-0.0883519   ,n39,n585,_
n73   ,-0.402615,-0.023809,0.000161683,0.0588195  ,-0.39657,-0.0133329,-0.414444,-0.0264774,-0.396832,-0.0316167   ,n398,n298,n7
n74   ,-0.406988,0.0412996,0.000457939,0.0981083  ,-0.422177,0.0280077,-0.390589,0.0355515,-0.408199,0.0603397   ,n75,n29,n406
n75   ,-0.393835,0.0509694,0.000286576,0.0789687  ,-0.382717,0.057017,-0.408199,0.0603397,-0.390589,0.0355515   ,n74,n489,n114
n76   ,0.0505108,-0.0774219,2.57266e-05,0.023537  ,0.0520601,-0.0732488,0.0457063,-0.0792933,0.0537661,-0.0797237   ,n106,n268,n210
n77   ,0.250148,-0.0406026,0.000198326,0.0702207  ,0.250141,-0.0309202,0.236499,-0.0511204,0.263803,-0.0397671   ,n81,n522,_
n78   ,-0.269088,-0.00383901,0.00030409,0.0795019  ,-0.284377,-0.00333079,-0.261992,-0.0173345,-0.260895,0.00914821   ,n103,n342,n100
n79   ,-0.0399188,-0.00910622,4.47632e-05,0.0321533  ,-0.0449608,-0.0147866,-0.0350298,-0.009517,-0.0397657,-0.00301504   ,n491,n166,n365
n80   ,0.153719,0.0328937,0.000186897,0.0691042  ,0.159371,0.0488312,0.142807,0.0241701,0.158978,0.0256797   ,n225,_,n52
n81   ,0.255061,-0.0493631,0.000244127,0.0760622  ,0.236499,-0.0511204,0.26488,-0.0572019,0.263803,-0.0397671   ,n473,n77,n172
n82   ,-0.418871,-0.011269,0.000271809,0.0761193  ,-0.431424,-0.00907733,-0.414444,-0.0264774,-0.410746,0.00174785   ,n7,n49,n274
n83   ,-0.262677,0.0259844,0.000365281,0.087332  ,-0.278037,0.0344549,-0.260895,0.00914821,-0.249098,0.03435   ,n105,n120,n353
n84   ,0.190401,0.0843216,3.33905e-05,0.0279015  ,0.187582,0.079775,0.196646,0.0864977,0.186974,0.0866922   ,n252,n600,n22
n85   ,-0.0388767,-0.0213436,6.96074e-05,0.0403196  ,-0.0449608,-0.0147866,-0.0379571,-0.029962,-0.0337123,-0.0192821   ,n180,n365,n244
n86   ,0.126701,0.0722027,0.000261916,0.07673  ,0.136285,0.0873952,0.113681,0.0697825,0.130136,0.0594306   ,n287,n405,n146
n87   ,-0.356289,-0.0159551,0.000279436,0.0772107  ,-0.367629,-0.0266056,-0.344596,-0.0214012,-0.356641,0.000141457   ,n213,n95,n56
n88   ,-0.403724,-0.0582023,6.68266e-05,0.0377941  ,-0.400562,-0.0640101,-0.39872,-0.0533037,-0.411889,-0.057293   ,n317,n35,_
n89   ,0.120342,-0.0669301,0.000260805,0.0760263  ,0.106309,-0.0696183,0.12455,-0.0785137,0.130168,-0.0526583   ,n217,n97,n430
n90   ,-0.0526692,0.00695642,0.000109213,0.0496242  ,-0.0476884,0.0172667,-0.0614539,0.00338998,-0.0488654,0.000212552   ,n472,n330,n161
n91   ,0.0544663,-0.0523669,1.01829e-05,0.0151399  ,0.0566652,-0.0536127,0.0537794,-0.0488905,0.0529542,-0.0545975   ,n399,n431,_
n92   ,-0.316424,0.0566646,0.000278607,0.0850166  ,-0.301473,0.0442752,-0.323081,0.0746046,-0.324717,0.051114   ,n219,n403,_
n93   ,0.0420765,-0.0206177,1.71665e-05,0.0201828  ,0.0415806,-0.0239682,0.0453845,-0.0213448,0.0392643,-0.01654   ,n566,n372,_
n94   ,-0.210845,-0.0736691,0.000654197,0.118437  ,-0.216997,-0.0549635,-0.228073,-0.0921767,-0.187464,-0.0738669   ,n164,n392,n45
n95   ,-0.367686,-0.0105064,0.000267627,0.0759322  ,-0.367629,-0.0266056,-0.356641,0.000141457,-0.378788,-0.0050552   ,n355,n468,n87
n96   ,0.268161,0.0606123,0.000155861,0.05982  ,0.277424,0.0502741,0.270499,0.0692195,0.256559,0.0623432   ,n237,n63,n240
n97   ,0.112068,-0.0580254,0.000268385,0.0787216  ,0.106309,-0.0696183,0.130168,-0.0526583,0.0997269,-0.0517996   ,n224,n479,n89
n98   ,0.0288711,-0.0820502,6.08436e-05,0.0386397  ,0.0355814,-0.0819753,0.021247,-0.0760906,0.0297848,-0.0880848   ,n363,n511,n401
n99   ,-0.228314,-0.0414732,0.000323194,0.084118  ,-0.221977,-0.0299887,-0.245969,-0.0394673,-0.216997,-0.0549635   ,n14,n19,n255
n100   ,-0.274773,-0.0202237,0.000365485,0.091363  ,-0.284377,-0.00333079,-0.27795,-0.040006,-0.261992,-0.0173345   ,n357,n78,_
n101   ,-0.343335,-0.0392484,0.000394378,0.0913991  ,-0.35713,-0.0524992,-0.328278,-0.0438449,-0.344596,-0.0214012   ,n214,n56,_
n102   ,-0.0710313,-0.0574754,0.00018312,0.0639824  ,-0.0767144,-0.0496542,-0.0774461,-0.0701284,-0.0589333,-0.0526435   ,n119,n391,_
n103   ,-0.254213,-0.00676299,0.0002916,0.0793273  ,-0.261992,-0.0173345,-0.239753,-0.0121027,-0.260895,0.00914821   ,n11,n78,n310
n104   ,-0.41624,-0.0517982,0.000114187,0.0528724  ,-0.42861,-0.0536723,-0.411889,-0.057293,-0.408219,-0.0444292   ,n317,n112,n300
n105   ,-0.248949,0.0178101,0.000298326,0.0791971  ,-0.236853,0.00993214,-0.249098,0.03435,-0.260895,0.00914821   ,n83,n11,n292
n106   ,0.0503601,-0.0821727,3.18073e-05,0.0262521  ,0.0516078,-0.0875012,0.0537661,-0.0797237,0.0457063,-0.0792933   ,n76,n123,n5
n107   ,-0.166465,-0.0392205,0.000413723,0.0931519  ,-0.179581,-0.0496136,-0.148608,-0.0460996,-0.171207,-0.0219483   ,n46,n277,n361
n108   ,-0.0482687,0.0532511,0.00019232,0.0656662  ,-0.0542455,0.0661524,-0.0520311,0.0399205,-0.0385296,0.0536804   ,n487,n23,n281
n109   ,-0.030603,-0.00723211,4.27288e-05,0.0303095  ,-0.0314611,-0.00124017,-0.0350298,-0.009517,-0.0253181,-0.0109392   ,n205,n10,n491
n110   ,0.276775,-0.0620853,0.000271388,0.0786184  ,0.282671,-0.0797155,0.282774,-0.0493385,0.26488,-0.0572019   ,n473,n148,n173
n111   ,0.0430768,0.0837187,5.62321e-05,0.0351221  ,0.0491885,0.0845094,0.0413183,0.0896251,0.0387237,0.0770217   ,n266,n189,_
n112   ,-0.417091,-0.0415263,0.000211788,0.072051  ,-0.42861,-0.0536723,-0.408219,-0.0444292,-0.414444,-0.0264774   ,n398,n360,n104
n113   ,-0.409626,0.0795786,0.000504256,0.10257  ,-0.427833,0.0894706,-0.408199,0.0603397,-0.392846,0.0889255   ,n114,_,n316
n114   ,-0.394587,0.0687607,0.000389726,0.0916239  ,-0.392846,0.0889255,-0.408199,0.0603397,-0.382717,0.057017   ,n75,n61,n113
n115   ,-0.0735617,-0.080979,0.000131201,0.0533597  ,-0.0781777,-0.0906026,-0.0650614,-0.0822061,-0.0774461,-0.0701284   ,n495,_,n12
n116   ,0.239029,-0.000677306,0.00021753,0.0708347  ,0.224432,0.00790612,0.241222,-0.0119006,0.251435,0.00196255   ,n127,n132,_
n117   ,0.202229,0.074239,7.42645e-05,0.0403728  ,0.200404,0.0825536,0.197043,0.0707329,0.209238,0.0694305   ,n165,n553,n17
n118   ,-0.0120169,0.00166775,8.55305e-05,0.0422278  ,-0.00599169,-0.00431393,-0.0103363,0.00946303,-0.0197226,-0.000145846   ,n13,n262,n309
n119   ,-0.0650326,-0.0634545,0.000140245,0.059313  ,-0.0774461,-0.0701284,-0.0587183,-0.0675916,-0.0589333,-0.0526435   ,n488,n102,n495
n120   ,-0.261803,0.0449398,0.000457694,0.0991437  ,-0.258274,0.0660145,-0.278037,0.0344549,-0.249098,0.03435   ,n83,n435,_
n121   ,-0.0428686,-0.0370847,0.000107362,0.0473699  ,-0.0518166,-0.0354883,-0.0388322,-0.0458039,-0.0379571,-0.029962   ,n187,n269,n60
n122   ,0.0681147,0.0477572,8.79512e-06,0.0155356  ,0.0654536,0.0455519,0.0717127,0.0485355,0.0671778,0.0491842   ,n358,n424,n558
n123   ,0.047357,-0.0853874,3.36233e-05,0.0273289  ,0.0516078,-0.0875012,0.0457063,-0.0792933,0.044757,-0.0893677   ,n438,n230,n106
n124   ,0.03875,0.0627134,5.32747e-05,0.0378925  ,0.0325547,0.0631151,0.036416,0.0571319,0.0472793,0.0678933   ,n606,n178,n142
n125   ,-0.297909,0.0066532,0.000270616,0.0763142  ,-0.297826,0.0199242,-0.311524,0.00336619,-0.284377,-0.00333079   ,n153,n295,n271
n126   ,-0.369567,0.08045,0.000425773,0.102149  ,-0.357859,0.0883804,-0.392846,0.0889255,-0.357997,0.064044   ,n61,n288,_
n127   ,0.253495,-0.00490919,0.000148118,0.0624909  ,0.267829,-0.00478955,0.251435,0.00196255,0.241222,-0.0119006   ,n116,n134,n37
n128   ,-0.0287479,0.0513607,8.21969e-05,0.0432165  ,-0.0240044,0.0446337,-0.0237095,0.0557679,-0.0385296,0.0536804   ,n410,n229,n188
n129   ,-0.180353,0.00999384,0.000339932,0.0844319  ,-0.191381,-0.000149802,-0.164695,0.00384692,-0.184985,0.0262844   ,n191,n149,n177
n130   ,-0.0129488,-0.0132898,2.23937e-05,0.0249215  ,-0.0145105,-0.0107243,-0.017652,-0.0151232,-0.00668397,-0.0140218   ,n24,n9,n138
n131   ,-0.11035,0.0147609,0.000536179,0.105757  ,-0.0976463,-0.00152356,-0.104053,0.034828,-0.129349,0.0109781   ,n453,n135,_
n132   ,0.240459,0.00922201,0.000196186,0.0678401  ,0.224432,0.00790612,0.251435,0.00196255,0.245509,0.0177974   ,n201,n254,n116
n133   ,-0.427964,-0.0679964,0.000169249,0.0619075  ,-0.42861,-0.0536723,-0.435426,-0.0771804,-0.419855,-0.0731364   ,n462,n300,n57
n134   ,0.257691,-0.0131908,0.00022717,0.0713386  ,0.264023,-0.0228822,0.267829,-0.00478955,0.241222,-0.0119006   ,n127,n202,n144
n135   ,-0.115164,-0.00279047,0.00038875,0.0913268  ,-0.0976463,-0.00152356,-0.129349,0.0109781,-0.118497,-0.017826   ,n154,n380,n131
n136   ,-0.0426315,0.0747152,0.000288501,0.0775921  ,-0.0455819,0.0891004,-0.0542455,0.0661524,-0.028067,0.0688928   ,n23,n185,n446
n137   ,0.188986,0.0589595,3.03005e-05,0.028328  ,0.181893,0.056846,0.193195,0.0573656,0.19187,0.0626669   ,n437,n211,n3
n138   ,-0.0191602,-0.0122622,2.34334e-05,0.0249489  ,-0.0253181,-0.0109392,-0.017652,-0.0151232,-0.0145105,-0.0107243   ,n130,n34,n341
n139   ,0.18158,0.0732394,8.51552e-05,0.045634  ,0.186427,0.0690593,0.187582,0.079775,0.17073,0.0708838   ,n347,n325,n196
n140   ,-0.341966,0.0520033,0.000290147,0.0843487  ,-0.343184,0.0408519,-0.324717,0.051114,-0.357997,0.064044   ,n219,n480,n416
n141   ,0.0255087,-0.00917356,6.47275e-05,0.0386037  ,0.033565,-0.00898077,0.0185773,-0.00398313,0.0243839,-0.0145568   ,n242,n484,n284
n142   ,0.0287398,0.0555505,7.80518e-05,0.0517471  ,0.0172486,0.0464045,0.036416,0.0571319,0.0325547,0.0631151   ,n124,n373,n604
n143   ,-0.027515,-0.0160941,3.74158e-05,0.0294526  ,-0.0253181,-0.0109392,-0.0337123,-0.0192821,-0.0235144,-0.0180611   ,n51,n341,n205
n144   ,0.270561,-0.0180331,0.000149744,0.0594321  ,0.279831,-0.0264277,0.267829,-0.00478955,0.264023,-0.0228822   ,n134,n528,n32
n145   ,-0.0233516,0.00533497,3.73698e-05,0.0290719  ,-0.0213644,0.00919871,-0.0289679,0.00695204,-0.0197226,-0.000145846   ,n163,n13,n434
n146   ,0.117973,0.0820052,0.000301048,0.0824173  ,0.136285,0.0873952,0.103952,0.0888381,0.113681,0.0697825   ,n394,n86,_
n147   ,-0.410462,-0.0727717,0.000118025,0.0533883  ,-0.400562,-0.0640101,-0.419855,-0.0731364,-0.41097,-0.0811685   ,n313,n579,n35
n148   ,0.270432,-0.0707119,0.000173057,0.0662017  ,0.282671,-0.0797155,0.26488,-0.0572019,0.263744,-0.0752182   ,n481,n404,n110
n149   ,-0.196026,0.0144525,0.00032428,0.0821615  ,-0.191381,-0.000149802,-0.184985,0.0262844,-0.211712,0.0172228   ,n264,n212,n129
n150   ,0.243784,-0.0840579,0.00010228,0.0491943  ,0.236865,-0.0849788,0.245796,-0.0936455,0.248691,-0.0735494   ,n286,n413,n279
n151   ,0.0436889,0.0737966,2.6598e-05,0.0277375  ,0.0472793,0.0678933,0.0450638,0.0764748,0.0387237,0.0770217   ,n189,n178,n574
n152   ,0.078138,0.0777646,6.79075e-05,0.0409961  ,0.0684705,0.0804432,0.0802435,0.0724984,0.0857001,0.0803523   ,n318,n16,n607
n153   ,-0.300194,-0.0053853,0.000242553,0.0727156  ,-0.304682,-0.0161913,-0.284377,-0.00333079,-0.311524,0.00336619   ,n125,n441,_
n154   ,-0.130321,-0.00791029,0.000349479,0.0864976  ,-0.143118,-0.016883,-0.118497,-0.017826,-0.129349,0.0109781   ,n135,n8,n238
n155   ,0.21517,-0.060228,1.25897e-05,0.0214396  ,0.211315,-0.058466,0.213156,-0.0614847,0.221039,-0.0607334   ,n497,n589,n418
n156   ,0.0483782,0.0481967,1.9588e-05,0.0250605  ,0.0499755,0.0448961,0.0525989,0.0476507,0.0425604,0.0520435   ,n573,n571,_
n157   ,-0.0299756,-0.0234213,2.78093e-05,0.0254743  ,-0.0245291,-0.0244929,-0.0337123,-0.0192821,-0.0316853,-0.0264888   ,n180,n186,n51
n158   ,0.252149,0.0757973,0.000258548,0.0733243  ,0.238511,0.0783211,0.256559,0.0623432,0.261378,0.0867277   ,n237,_,n290
n159   ,-0.0684517,0.0381209,0.000406727,0.0924002  ,-0.0771235,0.0536835,-0.0762004,0.0207588,-0.0520311,0.0399205   ,n18,n281,_
n160   ,0.121836,0.0120499,0.000221267,0.0705288  ,0.108346,0.00252813,0.133629,0.00943891,0.123533,0.0241825   ,n518,n218,n71
n161   ,-0.0617809,0.0138052,0.000221863,0.0710559  ,-0.0762004,0.0207588,-0.0614539,0.00338998,-0.0476884,0.0172667   ,n90,n18,n20
n162   ,-0.0461025,-0.0542741,0.000180802,0.0616969  ,-0.0405419,-0.0643749,-0.0388322,-0.0458039,-0.0589333,-0.0526435   ,n60,n488,n432
n163   ,-0.0267172,0.00185534,4.67182e-05,0.0320084  ,-0.0314611,-0.00124017,-0.0197226,-0.000145846,-0.0289679,0.00695204   ,n145,n444,n10
n164   ,-0.202174,-0.0884345,0.000483366,0.107941  ,-0.187464,-0.0738669,-0.228073,-0.0921767,-0.190984,-0.0992599   ,_,n305,n94
n165   ,0.202357,0.066498,6.70857e-05,0.037434  ,0.200789,0.0593306,0.209238,0.0694305,0.197043,0.0707329   ,n117,n324,n28
n166   ,-0.0445306,-0.00586303,6.19432e-05,0.0380213  ,-0.0449608,-0.0147866,-0.0397657,-0.00301504,-0.0488654,0.000212552   ,n540,n304,n79
n167   ,0.055932,-0.070687,2.57793e-05,0.024185  ,0.0520601,-0.0732488,0.0614825,-0.0714534,0.0542533,-0.067359   ,n334,n243,n268
n168   ,0.197899,0.0895008,7.16505e-06,0.0132395  ,0.200034,0.0908056,0.197017,0.0911991,0.196646,0.0864977   ,n252,n552,_
n169   ,0.145007,0.0120457,0.000215521,0.0700331  ,0.158584,0.00252813,0.142807,0.0241701,0.133629,0.00943891   ,n518,n283,n225
n170   ,0.267898,0.0444852,0.000124647,0.0522124  ,0.268898,0.03637,0.277424,0.0502741,0.257372,0.0468116   ,n63,n448,_
n171   ,-0.0285853,0.0398599,6.47044e-05,0.037623  ,-0.0246603,0.0345336,-0.0240044,0.0446337,-0.0370912,0.0404122   ,n229,n236,_
n172   ,0.250023,-0.0606239,0.000281198,0.0775596  ,0.236499,-0.0511204,0.248691,-0.0735494,0.26488,-0.0572019   ,n481,n81,n449
n173   ,0.288313,-0.0626164,0.000254422,0.0764299  ,0.282671,-0.0797155,0.299493,-0.0587953,0.282774,-0.0493385   ,n294,n110,_
n174   ,-0.173097,0.0394777,0.000463694,0.0988754  ,-0.1559,0.0325595,-0.178406,0.059589,-0.184985,0.0262844   ,n176,n191,n339
n175   ,0.0708581,0.0538355,1.87093e-05,0.0214579  ,0.0726714,0.0571853,0.0681903,0.0557858,0.0717127,0.0485355   ,n358,n323,n2
n176   ,-0.190403,0.0435038,0.000440569,0.0962344  ,-0.207817,0.0446379,-0.184985,0.0262844,-0.178406,0.059589   ,n174,n311,n264
n177   ,-0.175761,-0.00608373,0.000331173,0.0832894  ,-0.191381,-0.000149802,-0.171207,-0.0219483,-0.164695,0.00384692   ,n204,n129,n265
n178   ,0.0395193,0.0693433,8.76458e-05,0.0432049  ,0.0325547,0.0631151,0.0472793,0.0678933,0.0387237,0.0770217   ,n151,n41,n124
n179   ,-0.0735199,-0.0220447,0.000189809,0.0653034  ,-0.0752774,-0.0121658,-0.0845577,-0.0320008,-0.0607246,-0.0219676   ,n55,n427,n356
n180   ,-0.0344516,-0.0252443,2.61197e-05,0.0261482  ,-0.0379571,-0.029962,-0.0316853,-0.0264888,-0.0337123,-0.0192821   ,n157,n85,n354
n181   ,0.153753,-0.0122741,0.000243428,0.0753383  ,0.158584,0.00252813,0.143259,-0.0108349,0.159415,-0.0285155   ,n301,_,n283
n182   ,-0.441252,-0.0574464,0.000191234,0.0704907  ,-0.452951,-0.0710233,-0.42861,-0.0536723,-0.442195,-0.0476435   ,n506,n578,n57
n183   ,0.245887,0.0494428,0.000137227,0.0558127  ,0.241894,0.0423918,0.257372,0.0468116,0.238395,0.0591251   ,n215,n436,n470
n184   ,-0.335466,0.0178726,0.000244834,0.071976  ,-0.33442,0.00530838,-0.323223,0.0268699,-0.348754,0.0214394   ,n247,n420,n267
n185   ,-0.0300152,0.0821896,0.000290288,0.0788144  ,-0.0163966,0.0885757,-0.0455819,0.0891004,-0.028067,0.0688928   ,n136,n193,_
n186   ,-0.0291574,-0.0284629,2.87587e-05,0.027341  ,-0.0245291,-0.0244929,-0.0316853,-0.0264888,-0.0312579,-0.034407   ,n354,n563,n157
n187   ,-0.0360158,-0.0367243,5.50091e-05,0.03759  ,-0.0379571,-0.029962,-0.0388322,-0.0458039,-0.0312579,-0.034407   ,n402,n354,n121
n188   ,-0.0210641,0.0494382,4.69817e-05,0.0316507  ,-0.0240044,0.0446337,-0.0154784,0.047913,-0.0237095,0.0557679   ,n340,n128,_
n189   ,0.0443253,0.0793353,2.6598e-05,0.0282628  ,0.0491885,0.0845094,0.0387237,0.0770217,0.0450638,0.0764748   ,n151,n574,n111
n190   ,-0.00286105,0.0829615,0.000253671,0.0745856  ,-0.0163966,0.0885757,-0.0046474,0.0712084,0.0124608,0.0891004   ,n207,_,n193
n191   ,-0.168527,0.020897,0.000389961,0.090035  ,-0.1559,0.0325595,-0.184985,0.0262844,-0.164695,0.00384692   ,n129,n21,n174
n192   ,-0.375344,-0.0356357,9.25547e-05,0.0480431  ,-0.367629,-0.0266056,-0.384238,-0.0380493,-0.374163,-0.0422522   ,n381,n233,n535
n193   ,-0.0163703,0.0762256,0.000216972,0.0673848  ,-0.0163966,0.0885757,-0.028067,0.0688928,-0.0046474,0.0712084   ,n70,n190,n185
n194   ,0.046968,-0.0932079,1.65999e-05,0.0191959  ,0.0459092,-0.0963741,0.0502378,-0.0938819,0.044757,-0.0893677   ,n230,n258,_
n195   ,-0.447651,0.0658595,0.000418028,0.097978  ,-0.454965,0.0872961,-0.454462,0.0477162,-0.433527,0.0625661   ,n68,n351,_
n196   ,0.190351,0.0731891,5.59131e-05,0.034612  ,0.186427,0.0690593,0.197043,0.0707329,0.187582,0.079775   ,n17,n139,n478
n197   ,0.289235,-0.0366115,0.000278241,0.0765493  ,0.305101,-0.0340683,0.279831,-0.0264277,0.282774,-0.0493385   ,n466,n294,n47
n198   ,-0.0144,0.0152598,3.8065e-05,0.0295847  ,-0.0135108,0.0202361,-0.0193529,0.0160802,-0.0103363,0.00946303   ,n257,n235,n411
n199   ,0.135243,-0.0765101,9.98013e-05,0.0470994  ,0.12455,-0.0785137,0.141431,-0.0815729,0.139746,-0.0694437   ,n451,n217,n216
n200   ,-0.139638,-0.0338298,0.000292057,0.0793107  ,-0.143118,-0.016883,-0.148608,-0.0460996,-0.127189,-0.0385069   ,n349,n238,n46
n201   ,0.252554,0.0121868,0.000117457,0.0496504  ,0.245509,0.0177974,0.251435,0.00196255,0.260717,0.0168004   ,n37,n531,n132
n202   ,0.251795,-0.021901,0.000167866,0.0623571  ,0.241222,-0.0119006,0.250141,-0.0309202,0.264023,-0.0228822   ,n522,n134,_
n203   ,0.170665,0.0588537,0.000202814,0.066647  ,0.159371,0.0488312,0.181893,0.056846,0.17073,0.0708838   ,n325,n329,n587
n204   ,-0.159673,-0.0116615,0.000345789,0.0850682  ,-0.143118,-0.016883,-0.164695,0.00384692,-0.171207,-0.0219483   ,n177,n46,n8
n205   ,-0.0313534,-0.0132461,4.64811e-05,0.0315039  ,-0.0253181,-0.0109392,-0.0350298,-0.009517,-0.0337123,-0.0192821   ,n365,n143,n109
n206   ,-0.0324569,-0.0757517,0.000259324,0.0787603  ,-0.0339296,-0.0950624,-0.0228991,-0.0678177,-0.0405419,-0.0643749   ,n359,n40,n62
n207   ,0.00852916,0.0765447,0.000216689,0.0677318  ,0.0124608,0.0891004,-0.0046474,0.0712084,0.017774,0.0693255   ,n289,n475,n190
n208   ,0.29728,0.0564563,2.43523e-05,0.0228094  ,0.293952,0.0546027,0.301297,0.0538157,0.296591,0.0609505   ,n307,n454,_
n209   ,-0.0198153,-0.0586719,0.000148145,0.0603149  ,-0.0228991,-0.0678177,-0.00655882,-0.0513828,-0.029988,-0.0568153   ,n26,n359,n412
n210   ,0.0479584,-0.0734539,3.52335e-05,0.0283058  ,0.0520601,-0.0732488,0.046109,-0.0678197,0.0457063,-0.0792933   ,n455,n76,n243
n211   ,0.18673,0.0628574,4.77255e-05,0.0329732  ,0.181893,0.056846,0.19187,0.0626669,0.186427,0.0690593   ,n478,n325,n137
n212   ,-0.206579,0.00353777,0.000283589,0.0769727  ,-0.191381,-0.000149802,-0.211712,0.0172228,-0.216644,-0.0064597   ,n272,n260,n149
n213   ,-0.345219,-0.00531713,0.000270466,0.0760774  ,-0.33442,0.00530838,-0.356641,0.000141457,-0.344596,-0.0214012   ,n87,n270,n420
n214   ,-0.332496,-0.0258765,0.000297807,0.0813452  ,-0.328278,-0.0438449,-0.324615,-0.0123833,-0.344596,-0.0214012   ,n270,n101,n31
n215   ,0.250775,0.0560933,0.000142363,0.0566208  ,0.256559,0.0623432,0.238395,0.0591251,0.257372,0.0468116   ,n183,n63,n290
n216   ,0.13304,-0.0851808,0.000129869,0.0523225  ,0.133137,-0.0954559,0.141431,-0.0815729,0.12455,-0.0785137   ,n199,n369,n15
n217   ,0.131488,-0.0668719,0.000170978,0.0634822  ,0.12455,-0.0785137,0.139746,-0.0694437,0.130168,-0.0526583   ,n302,n89,n199
n218   ,0.113234,0.0173541,0.000178995,0.0650344  ,0.108346,0.00252813,0.123533,0.0241825,0.107822,0.0253517   ,n58,_,n160
n219   ,-0.335265,0.0632542,0.000401458,0.0957287  ,-0.323081,0.0746046,-0.357997,0.064044,-0.324717,0.051114   ,n140,n92,n288
n220   ,-0.0884039,-0.0405284,0.000202174,0.0691681  ,-0.10394,-0.0399302,-0.0767144,-0.0496542,-0.0845577,-0.0320008   ,n428,n526,_
n221   ,0.124694,-0.0280361,0.000300422,0.081858  ,0.107303,-0.0343802,0.139484,-0.0341571,0.127295,-0.015571   ,n296,n370,n228
n222   ,0.0858722,0.0562034,7.47846e-05,0.0433856  ,0.0863752,0.0468636,0.0907326,0.0650732,0.0805088,0.0566733   ,n59,n541,n251
n223   ,-0.174484,0.0804759,0.000599343,0.111621  ,-0.154061,0.0873602,-0.190984,0.0944784,-0.178406,0.059589   ,n348,n387,_
n224   ,0.112399,-0.0462794,0.000268385,0.0787216  ,0.107303,-0.0343802,0.0997269,-0.0517996,0.130168,-0.0526583   ,n97,n228,n378
n225   ,0.153456,0.0174593,0.000186897,0.0661791  ,0.158584,0.00252813,0.158978,0.0256797,0.142807,0.0241701   ,n80,n169,_
n226   ,-0.11823,-0.0498755,0.000377346,0.0930842  ,-0.123563,-0.0711895,-0.10394,-0.0399302,-0.127189,-0.0385069   ,n442,n349,_
n227   ,-0.01001,-0.0878274,0.000456761,0.103226  ,-0.0339296,-0.0950624,0.00598979,-0.0957183,-0.00209008,-0.0727014   ,n539,n62,_
n228   ,0.125651,-0.0403985,0.000296656,0.0821692  ,0.107303,-0.0343802,0.130168,-0.0526583,0.139484,-0.0341571   ,n248,n221,n224
n229   ,-0.0332084,0.0462421,8.98551e-05,0.0442088  ,-0.0240044,0.0446337,-0.0385296,0.0536804,-0.0370912,0.0404122   ,n487,n171,n128
n230   ,0.0488675,-0.0902503,2.05781e-05,0.0207272  ,0.0502378,-0.0938819,0.0516078,-0.0875012,0.044757,-0.0893677   ,n123,n194,_
n231   ,-0.0291373,0.0213387,6.23657e-05,0.0362583  ,-0.0220369,0.0227283,-0.0348084,0.0260844,-0.0305665,0.0152033   ,n384,n256,n48
n232   ,0.0899647,-0.069748,0.000213887,0.0704716  ,0.106309,-0.0696183,0.0846271,-0.061066,0.0789583,-0.0785598   ,n534,_,n479
n233   ,-0.366307,-0.0404523,0.000166732,0.0647752  ,-0.35713,-0.0524992,-0.367629,-0.0266056,-0.374163,-0.0422522   ,n192,n580,n56
n234   ,-0.144936,-0.061723,0.000448737,0.100572  ,-0.123563,-0.0711895,-0.148608,-0.0460996,-0.162637,-0.06788   ,n361,n278,n349
n235   ,-0.00814891,0.014699,6.02805e-05,0.0363169  ,-0.0135108,0.0202361,-0.0103363,0.00946303,-0.000599559,0.014398   ,n440,n569,n198
n236   ,-0.0321866,0.0336767,8.23442e-05,0.0414644  ,-0.0246603,0.0345336,-0.0370912,0.0404122,-0.0348084,0.0260844   ,n65,n48,n171
n237   ,0.262812,0.0727635,0.000153391,0.0601413  ,0.261378,0.0867277,0.256559,0.0623432,0.270499,0.0692195   ,n96,n500,n158
n238   ,-0.129601,-0.0244053,0.000258692,0.0739299  ,-0.143118,-0.016883,-0.127189,-0.0385069,-0.118497,-0.017826   ,n442,n154,n200
n239   ,0.110314,-0.0901379,2.91169e-05,0.0274568  ,0.105723,-0.0903403,0.109396,-0.0944066,0.115823,-0.085667   ,n584,n583,_
n240   ,0.276746,0.0616043,9.8421e-05,0.0484344  ,0.277424,0.0502741,0.282315,0.0653193,0.270499,0.0692195   ,n527,n96,n393
n241   ,0.039973,-0.00877916,7.43831e-05,0.0428278  ,0.0470897,-0.000816701,0.033565,-0.00898077,0.0392643,-0.01654   ,n396,n566,n319
n242   ,0.0182117,-0.0138196,9.1473e-05,0.0474321  ,0.0243839,-0.0145568,0.0185773,-0.00398313,0.0116738,-0.0229189   ,n333,n603,n141
n243   ,0.0508075,-0.0694758,2.34789e-05,0.0224977  ,0.0520601,-0.0732488,0.0542533,-0.067359,0.046109,-0.0678197   ,n337,n210,n167
n244   ,-0.0439276,-0.0234333,6.73177e-05,0.0399299  ,-0.0449608,-0.0147866,-0.0488648,-0.0255511,-0.0379571,-0.029962   ,n269,n85,n261
n245   ,-0.0591934,-0.0421989,0.000118189,0.050108  ,-0.0518166,-0.0354883,-0.0668302,-0.0384649,-0.0589333,-0.0526435   ,n391,n60,n297
n246   ,-0.390248,-0.00196937,0.000224604,0.0695994  ,-0.39657,-0.0133329,-0.378788,-0.0050552,-0.395386,0.0124799   ,n293,n426,n407
n247   ,-0.338387,0.0297204,0.000232681,0.0706678  ,-0.343184,0.0408519,-0.348754,0.0214394,-0.323223,0.0268699   ,n184,n416,n517
n248   ,0.143299,-0.0487915,0.000310382,0.0843809  ,0.160246,-0.059559,0.139484,-0.0341571,0.130168,-0.0526583   ,n228,n302,n299
n249   ,-0.00924535,0.0554322,7.85802e-05,0.0446612  ,-0.0154784,0.047913,0.000527256,0.0588166,-0.0127849,0.0595669   ,n469,n340,n570
n250   ,0.243016,0.035301,9.43772e-05,0.0453156  ,0.241894,0.0423918,0.234863,0.0307438,0.252289,0.0327675   ,n322,n470,n367
n251   ,0.0948016,0.0533707,0.000187629,0.0633488  ,0.107297,0.0481753,0.0907326,0.0650732,0.0863752,0.0468636   ,n222,_,n445
n252   ,0.193546,0.0881297,2.27712e-05,0.0253975  ,0.197017,0.0911991,0.186974,0.0866922,0.196646,0.0864977   ,n84,n168,n554
n253   ,0.0435196,-0.0590088,2.16392e-05,0.0216042  ,0.0451658,-0.0551673,0.0390873,-0.0605886,0.0463057,-0.0612705   ,n529,n543,n602
n254   ,0.234935,0.0188157,0.000189088,0.0651513  ,0.224432,0.00790612,0.245509,0.0177974,0.234863,0.0307438   ,n322,n27,n132
n255   ,-0.2359,-0.0271862,0.000298804,0.0790749  ,-0.221977,-0.0299887,-0.239753,-0.0121027,-0.245969,-0.0394673   ,n310,n99,n459
n256   ,-0.0239854,0.018004,3.84516e-05,0.0297919  ,-0.0220369,0.0227283,-0.0305665,0.0152033,-0.0193529,0.0160802   ,n303,n411,n231
n257   ,-0.0170179,0.0115807,3.76791e-05,0.0293849  ,-0.0213644,0.00919871,-0.0103363,0.00946303,-0.0193529,0.0160802   ,n198,n303,n13
n258   ,0.0401503,-0.0912755,5.17119e-05,0.040258  ,0.0459092,-0.0963741,0.044757,-0.0893677,0.0297848,-0.0880848   ,n511,n582,n194
n259   ,0.134728,-0.00565567,0.000184631,0.0648961  ,0.133629,0.00943891,0.127295,-0.015571,0.143259,-0.0108349   ,n296,n283,n71
n260   ,-0.201929,-0.0103937,0.000288349,0.0774447  ,-0.191381,-0.000149802,-0.216644,-0.0064597,-0.197762,-0.0245715   ,n379,n265,n212
n261   ,-0.0515167,-0.0207685,7.08276e-05,0.0411623  ,-0.0449608,-0.0147866,-0.0607246,-0.0219676,-0.0488648,-0.0255511   ,n273,n244,n371
n262   ,-0.0134082,-0.00506134,6.17633e-05,0.0368036  ,-0.00599169,-0.00431393,-0.0197226,-0.000145846,-0.0145105,-0.0107243   ,n34,n9,n118
n263   ,-0.307508,0.0303565,0.000296557,0.0788093  ,-0.297826,0.0199242,-0.301473,0.0442752,-0.323223,0.0268699   ,n403,n271,_
n264   ,-0.201505,0.0293817,0.000348714,0.0852059  ,-0.207817,0.0446379,-0.211712,0.0172228,-0.184985,0.0262844   ,n149,n176,n368
n265   ,-0.186783,-0.0155565,0.000315896,0.0816277  ,-0.191381,-0.000149802,-0.197762,-0.0245715,-0.171207,-0.0219483   ,n277,n177,n260
n266   ,0.0358704,0.0826383,7.58013e-05,0.0408928  ,0.0413183,0.0896251,0.0275692,0.0812682,0.0387237,0.0770217   ,n38,n111,n575
n267   ,-0.323056,0.0118482,0.000257711,0.0735283  ,-0.33442,0.00530838,-0.311524,0.00336619,-0.323223,0.0268699   ,n271,n184,n409
n268   ,0.0557696,-0.0748086,3.20364e-05,0.0275989  ,0.0520601,-0.0732488,0.0537661,-0.0797237,0.0614825,-0.0714534   ,n6,n167,n76
n269   ,-0.0462128,-0.0303338,6.07054e-05,0.0370526  ,-0.0518166,-0.0354883,-0.0379571,-0.029962,-0.0488648,-0.0255511   ,n244,n273,n121
n270   ,-0.334544,-0.00949205,0.000220966,0.070732  ,-0.33442,0.00530838,-0.344596,-0.0214012,-0.324615,-0.0123833   ,n214,n409,n213
n271   ,-0.310858,0.0167201,0.000257831,0.0740735  ,-0.297826,0.0199242,-0.323223,0.0268699,-0.311524,0.00336619   ,n267,n125,n263
n272   ,-0.221736,0.00689842,0.000279719,0.0763881  ,-0.236853,0.00993214,-0.216644,-0.0064597,-0.211712,0.0172228   ,n212,n377,n477
n273   ,-0.053802,-0.027669,6.42153e-05,0.0389471  ,-0.0518166,-0.0354883,-0.0488648,-0.0255511,-0.0607246,-0.0219676   ,n261,n297,n269
n274   ,-0.426544,-0.0233299,0.000235651,0.070673  ,-0.414444,-0.0264774,-0.431424,-0.00907733,-0.433765,-0.034435   ,n335,n360,n82
n275   ,0.0441613,0.0187243,2.56302e-05,0.0284423  ,0.048795,0.0197114,0.0456469,0.0227283,0.0380421,0.0137332   ,n568,n567,_
n276   ,-0.221589,0.0439913,0.000237315,0.0703254  ,-0.207817,0.0446379,-0.229879,0.0550895,-0.227072,0.0322465   ,n328,n368,n464
n277   ,-0.18285,-0.0320445,0.00035635,0.086536  ,-0.179581,-0.0496136,-0.171207,-0.0219483,-0.197762,-0.0245715   ,n265,n25,n107
n278   ,-0.146644,-0.0771044,0.000461261,0.101944  ,-0.153732,-0.0922437,-0.123563,-0.0711895,-0.162637,-0.06788   ,n234,n315,_
n279   ,0.240093,-0.0910208,3.89776e-05,0.0301502  ,0.236865,-0.0849788,0.237618,-0.0944382,0.245796,-0.0936455   ,n597,n150,n512
n280   ,-0.446279,-0.0107948,0.000441614,0.0993338  ,-0.453958,0.00813639,-0.453455,-0.0314435,-0.431424,-0.00907733   ,n335,n44,_
n281   ,-0.0611334,0.0532521,0.000313872,0.0809995  ,-0.0771235,0.0536835,-0.0520311,0.0399205,-0.0542455,0.0661524   ,n108,n408,n159
n282   ,-0.0215205,0.0614092,7.99694e-05,0.0432986  ,-0.028067,0.0688928,-0.0237095,0.0557679,-0.0127849,0.0595669   ,n340,n70,n410
n283   ,0.145158,0.000377372,0.000219693,0.0686721  ,0.158584,0.00252813,0.133629,0.00943891,0.143259,-0.0108349   ,n259,n181,n169
n284   ,0.0282511,-0.00246769,0.000106588,0.0473432  ,0.0326109,0.00556084,0.0185773,-0.00398313,0.033565,-0.00898077   ,n141,n319,n388
n285   ,-0.13874,0.02751,0.000354391,0.0880215  ,-0.1559,0.0325595,-0.129349,0.0109781,-0.130972,0.0389924   ,n453,n476,n21
n286   ,0.251073,-0.0858669,0.000125298,0.0532604  ,0.258733,-0.0904059,0.248691,-0.0735494,0.245796,-0.0936455   ,n150,n596,n502
n287   ,0.117038,0.0591295,0.000210822,0.0674335  ,0.107297,0.0481753,0.130136,0.0594306,0.113681,0.0697825   ,n86,n445,n50
n288   ,-0.346312,0.0756763,0.000424134,0.0982214  ,-0.323081,0.0746046,-0.357859,0.0883804,-0.357997,0.064044   ,n126,n219,_
n289   ,0.0045513,0.0664501,0.000134049,0.0561254  ,-0.0046474,0.0712084,0.000527256,0.0588166,0.017774,0.0693255   ,n460,n207,n469
n290   ,0.244488,0.0665965,0.000174149,0.0617476  ,0.238511,0.0783211,0.238395,0.0591251,0.256559,0.0623432   ,n215,n158,n465
n291   ,0.116652,-0.00961685,0.000119708,0.0584687  ,0.108346,0.00252813,0.114315,-0.0158077,0.127295,-0.015571   ,n370,n71,n559
n292   ,-0.237674,0.0255095,0.000256036,0.0738064  ,-0.236853,0.00993214,-0.227072,0.0322465,-0.249098,0.03435   ,n328,n105,n377
n293   ,-0.381696,0.00843198,0.000259299,0.0734442  ,-0.370914,0.0178712,-0.395386,0.0124799,-0.378788,-0.0050552   ,n246,n355,n389
n294   ,0.29579,-0.0474007,0.000233222,0.0716128  ,0.299493,-0.0587953,0.305101,-0.0340683,0.282774,-0.0493385   ,n197,n173,_
n295   ,-0.287713,0.010317,0.000158976,0.0626697  ,-0.297826,0.0199242,-0.284377,-0.00333079,-0.280935,0.0143576   ,n342,n400,n125
n296   ,0.136679,-0.0201877,0.00017722,0.0625041  ,0.127295,-0.015571,0.139484,-0.0341571,0.143259,-0.0108349   ,n301,n259,n221
n297   ,-0.0597904,-0.0319736,0.000114755,0.0490881  ,-0.0518166,-0.0354883,-0.0607246,-0.0219676,-0.0668302,-0.0384649   ,n55,n245,n273
n298   ,-0.392738,-0.0226271,0.000108752,0.0482942  ,-0.39657,-0.0133329,-0.396832,-0.0316167,-0.384811,-0.0229319   ,n474,n407,n73
n299   ,0.153048,-0.0407439,0.000311711,0.0845762  ,0.160246,-0.059559,0.159415,-0.0285155,0.139484,-0.0341571   ,n301,n248,_
n300   ,-0.420118,-0.0613672,0.000146873,0.0561833  ,-0.42861,-0.0536723,-0.419855,-0.0731364,-0.411889,-0.057293   ,n35,n104,n133
n301   ,0.147386,-0.0245025,0.000221771,0.0682904  ,0.159415,-0.0285155,0.143259,-0.0108349,0.139484,-0.0341571   ,n296,n299,n181
n302   ,0.143387,-0.0605537,0.000219386,0.0729436  ,0.160246,-0.059559,0.130168,-0.0526583,0.139746,-0.0694437   ,n217,n483,n248
n303   ,-0.0237613,0.0134941,3.77013e-05,0.0294052  ,-0.0213644,0.00919871,-0.0193529,0.0160802,-0.0305665,0.0152033   ,n256,n434,n257
n304   ,-0.0510214,-0.00789883,9.60139e-05,0.0448133  ,-0.0449608,-0.0147866,-0.0488654,0.000212552,-0.0592379,-0.00912241   ,n472,n371,n166
n305   ,-0.177393,-0.0884568,0.000460624,0.101956  ,-0.190984,-0.0992599,-0.153732,-0.0922437,-0.187464,-0.0738669   ,n315,n164,_
n306   ,0.269319,0.0232883,0.000172894,0.0606613  ,0.278343,0.0166945,0.268898,0.03637,0.260717,0.0168004   ,n516,n36,_
n307   ,0.300384,0.0573744,1.53537e-05,0.0201789  ,0.301297,0.0538157,0.303265,0.0573572,0.296591,0.0609505   ,n599,n208,_
n308   ,0.150769,0.0814567,0.000311814,0.0817669  ,0.136285,0.0873952,0.149371,0.0676777,0.166651,0.0892972   ,n383,_,n405
n309   ,-0.00364904,0.00385323,0.000101637,0.0460884  ,-0.00599169,-0.00431393,0.0053809,0.00641059,-0.0103363,0.00946303   ,n440,n118,n505
n310   ,-0.249238,-0.0229681,0.000288018,0.0782316  ,-0.261992,-0.0173345,-0.245969,-0.0394673,-0.239753,-0.0121027   ,n255,n103,n357
n311   ,-0.197569,0.0580529,0.00036199,0.0882437  ,-0.207817,0.0446379,-0.178406,0.059589,-0.206484,0.0699317   ,n348,n464,n176
n312   ,0.234653,-0.0965221,2.07859e-05,0.0210924  ,0.234794,-0.101096,0.237618,-0.0944382,0.231547,-0.0940318   ,n547,n321,n597
n313   ,-0.41854,-0.0827348,0.00011208,0.0521139  ,-0.424795,-0.0938994,-0.41097,-0.0811685,-0.419855,-0.0731364   ,n147,n462,n314
n314   ,-0.411477,-0.0895654,0.000164439,0.0624328  ,-0.398667,-0.0936283,-0.41097,-0.0811685,-0.424795,-0.0938994   ,n313,_,n579
n315   ,-0.167944,-0.0779969,0.0003291,0.0898923  ,-0.153732,-0.0922437,-0.162637,-0.06788,-0.187464,-0.0738669   ,n504,n305,n278
n316   ,-0.423187,0.0707921,0.000347061,0.0880564  ,-0.427833,0.0894706,-0.433527,0.0625661,-0.408199,0.0603397   ,n29,n113,n351
n317   ,-0.406276,-0.0516753,7.73874e-05,0.0401382  ,-0.39872,-0.0533037,-0.408219,-0.0444292,-0.411889,-0.057293   ,n104,n88,n362
n318   ,0.0855587,0.0726413,6.14487e-05,0.0385013  ,0.0907326,0.0650732,0.0857001,0.0803523,0.0802435,0.0724984   ,n152,n66,n414
n319   ,0.0377552,-0.00141221,0.000102231,0.0461919  ,0.0470897,-0.000816701,0.0326109,0.00556084,0.033565,-0.00898077   ,n284,n241,n447
n320   ,0.274675,0.0871535,0.000153062,0.0594174  ,0.284245,0.0951342,0.261378,0.0867277,0.2784,0.0795985   ,n500,n421,_
n321   ,0.233143,-0.0987851,6.23622e-06,0.0168445  ,0.233089,-0.101227,0.234794,-0.101096,0.231547,-0.0940318   ,n312,n593,_
n322   ,0.24422,0.0271029,0.000123577,0.050739  ,0.245509,0.0177974,0.252289,0.0327675,0.234863,0.0307438   ,n250,n254,n531
n323   ,0.0736928,0.0519468,2.07859e-05,0.0220609  ,0.0726714,0.0571853,0.0717127,0.0485355,0.0766943,0.0501196   ,n601,n507,n175
n324   ,0.196567,0.0642435,4.46027e-05,0.0311074  ,0.200789,0.0593306,0.197043,0.0707329,0.19187,0.0626669   ,n478,n437,n165
n325   ,0.179684,0.0655964,9.99906e-05,0.0467653  ,0.181893,0.056846,0.186427,0.0690593,0.17073,0.0708838   ,n139,n203,n211
n326   ,0.135504,0.0500367,0.000132808,0.0552864  ,0.133324,0.0373558,0.143051,0.0533238,0.130136,0.0594306   ,n510,n50,n54
n327   ,-0.0902783,-0.0113636,0.000212546,0.0677365  ,-0.0752774,-0.0121658,-0.0976463,-0.00152356,-0.0979111,-0.0204013   ,n380,n356,_
n328   ,-0.235349,0.040562,0.000248619,0.0734165  ,-0.249098,0.03435,-0.227072,0.0322465,-0.229879,0.0550895   ,n276,n435,n292
n329   ,0.159824,0.0624642,0.000217306,0.0677402  ,0.159371,0.0488312,0.17073,0.0708838,0.149371,0.0676777   ,n383,n492,n203
n330   ,-0.0450675,0.0081264,8.31833e-05,0.04306  ,-0.0476884,0.0172667,-0.0488654,0.000212552,-0.0386487,0.00689992   ,n540,n417,n90
n331   ,-0.389009,-0.044585,6.52923e-05,0.0375188  ,-0.387655,-0.051855,-0.384238,-0.0380493,-0.395133,-0.0438508   ,n456,n422,n381
n332   ,0.0324803,-0.060183,9.41689e-05,0.0514985  ,0.0236103,-0.0501367,0.0347432,-0.0698238,0.0390873,-0.0605886   ,n548,n602,n375
n333   ,0.0117354,-0.0117433,0.000113978,0.050517  ,0.0116738,-0.0229189,0.0185773,-0.00398313,0.004955,-0.00832783   ,n499,n545,n242
n334   ,0.0587311,-0.0681172,1.92786e-05,0.020776  ,0.0604575,-0.0655394,0.0542533,-0.067359,0.0614825,-0.0714534   ,n167,n452,n523
n335   ,-0.439548,-0.0249853,0.000253148,0.0767756  ,-0.453455,-0.0314435,-0.433765,-0.034435,-0.431424,-0.00907733   ,n274,n280,n546
n336   ,0.0547008,-0.0589824,1.2051e-05,0.0158482  ,0.0563562,-0.0564897,0.0517511,-0.0585711,0.0559952,-0.0618866   ,n530,n344,n425
n337   ,0.0503231,-0.0661109,1.79635e-05,0.0202039  ,0.050607,-0.0631539,0.046109,-0.0678197,0.0542533,-0.067359   ,n243,n520,n433
n338   ,0.221945,0.048062,0.000132497,0.0550956  ,0.22089,0.0599136,0.215381,0.0380752,0.229564,0.0461973   ,n429,n450,_
n339   ,-0.161325,0.0501103,0.000372536,0.090313  ,-0.1559,0.0325595,-0.14967,0.0581822,-0.178406,0.059589   ,n387,n174,n476
n340   ,-0.0173243,0.0544159,5.85411e-05,0.0349052  ,-0.0154784,0.047913,-0.0127849,0.0595669,-0.0237095,0.0557679   ,n282,n188,n249
n341   ,-0.0221615,-0.0147078,2.35256e-05,0.0226378  ,-0.0253181,-0.0109392,-0.0235144,-0.0180611,-0.017652,-0.0151232   ,n490,n138,n143
n342   ,-0.275402,0.00672499,0.000186202,0.0653181  ,-0.284377,-0.00333079,-0.260895,0.00914821,-0.280935,0.0143576   ,n353,n295,n78
n343   ,0.0142558,-0.0663095,0.00030685,0.0838438  ,0.0236103,-0.0501367,-0.00209008,-0.0727014,0.021247,-0.0760906   ,n539,n375,n69
n344   ,0.0583412,-0.0597476,1.78336e-05,0.0198478  ,0.0563562,-0.0564897,0.0559952,-0.0618866,0.0626722,-0.0608664   ,n536,n561,n336
n345   ,-0.0220922,-0.0214745,1.89168e-05,0.0198435  ,-0.0245291,-0.0244929,-0.018233,-0.0218695,-0.0235144,-0.0180611   ,n490,n51,_
n346   ,-0.260731,-0.0501334,0.000499748,0.102417  ,-0.27795,-0.040006,-0.258274,-0.0709271,-0.245969,-0.0394673   ,n14,n357,_
n347   ,0.174988,0.0799853,0.000173286,0.0609089  ,0.166651,0.0892972,0.17073,0.0708838,0.187582,0.079775   ,n139,n600,n383
n348   ,-0.191958,0.0746664,0.000424769,0.0960406  ,-0.190984,0.0944784,-0.206484,0.0699317,-0.178406,0.059589   ,n311,n223,n376
n349   ,-0.13312,-0.051932,0.000363789,0.0910598  ,-0.123563,-0.0711895,-0.127189,-0.0385069,-0.148608,-0.0460996   ,n200,n234,n226
n350   ,-0.437048,-0.0884167,0.000219855,0.0689375  ,-0.450922,-0.0941705,-0.424795,-0.0938994,-0.435426,-0.0771804   ,n462,n390,_
n351   ,-0.438775,0.0797776,0.000358794,0.0874478  ,-0.427833,0.0894706,-0.454965,0.0872961,-0.433527,0.0625661   ,n195,n316,_
n352   ,-0.00257355,-0.00888786,5.4524e-05,0.0343491  ,-0.00599169,-0.00431393,-0.00668397,-0.0140218,0.004955,-0.00832783   ,n545,n505,n9
n353   ,-0.273289,0.0193202,0.00020892,0.0715771  ,-0.278037,0.0344549,-0.280935,0.0143576,-0.260895,0.00914821   ,n342,n83,n400
n354   ,-0.0336334,-0.030286,2.5573e-05,0.0231388  ,-0.0379571,-0.029962,-0.0312579,-0.034407,-0.0316853,-0.0264888   ,n186,n180,n187
n355   ,-0.368781,0.00431916,0.000233413,0.0697499  ,-0.370914,0.0178712,-0.378788,-0.0050552,-0.356641,0.000141457   ,n95,n419,n293
n356   ,-0.0859154,-0.0215226,0.000186256,0.063672  ,-0.0752774,-0.0121658,-0.0979111,-0.0204013,-0.0845577,-0.0320008   ,n526,n179,n327
n357   ,-0.26197,-0.0322692,0.000358233,0.0870345  ,-0.27795,-0.040006,-0.245969,-0.0394673,-0.261992,-0.0173345   ,n310,n100,n346
n358   ,0.0690269,0.0511685,1.52968e-05,0.0193203  ,0.0681903,0.0557858,0.0671778,0.0491842,0.0717127,0.0485355   ,n122,n175,n557
n359   ,-0.031143,-0.0630027,8.48542e-05,0.044046  ,-0.0405419,-0.0643749,-0.0228991,-0.0678177,-0.029988,-0.0568153   ,n209,n432,n206
n360   ,-0.425606,-0.0381949,0.000206349,0.0714744  ,-0.42861,-0.0536723,-0.414444,-0.0264774,-0.433765,-0.034435   ,n274,n506,n112
n361   ,-0.163609,-0.0545311,0.000312651,0.081994  ,-0.179581,-0.0496136,-0.162637,-0.06788,-0.148608,-0.0460996   ,n234,n107,n504
n362   ,-0.400691,-0.0471945,6.08165e-05,0.0362102  ,-0.39872,-0.0533037,-0.395133,-0.0438508,-0.408219,-0.0444292   ,n397,n317,n422
n363   ,0.0190072,-0.0866312,0.000175287,0.0645722  ,0.00598979,-0.0957183,0.0297848,-0.0880848,0.021247,-0.0760906   ,n98,n539,n582
n364   ,0.196674,0.0565901,1.90882e-05,0.0208479  ,0.200789,0.0593306,0.193195,0.0573656,0.196038,0.0530742   ,n3,n588,n437
n365   ,-0.037901,-0.0145286,5.19596e-05,0.0332095  ,-0.0449608,-0.0147866,-0.0337123,-0.0192821,-0.0350298,-0.009517   ,n205,n79,n85
n366   ,0.229699,-0.0861253,5.22395e-05,0.0392696  ,0.21971,-0.0828636,0.232522,-0.0905333,0.236865,-0.0849788   ,n512,n501,n595
n367   ,0.23544,0.0397776,8.51882e-05,0.0428462  ,0.241894,0.0423918,0.229564,0.0461973,0.234863,0.0307438   ,n429,n250,n436
n368   ,-0.215534,0.0313691,0.000239803,0.0720736  ,-0.207817,0.0446379,-0.227072,0.0322465,-0.211712,0.0172228   ,n377,n264,n276
n369   ,0.124503,-0.0865455,0.000104642,0.0501685  ,0.133137,-0.0954559,0.12455,-0.0785137,0.115823,-0.085667   ,n430,n584,n216
n370   ,0.116304,-0.0219196,0.000119708,0.060284  ,0.107303,-0.0343802,0.127295,-0.015571,0.114315,-0.0158077   ,n291,n559,n221
n371   ,-0.0549744,-0.0152922,9.59066e-05,0.045613  ,-0.0449608,-0.0147866,-0.0592379,-0.00912241,-0.0607246,-0.0219676   ,n427,n261,n304
n372   ,0.0369795,-0.0193004,3.50491e-05,0.0302272  ,0.0415806,-0.0239682,0.0392643,-0.01654,0.0300935,-0.0173929   ,n396,n565,n93
n373   ,0.0225258,0.059615,0.000171026,0.0616204  ,0.0172486,0.0464045,0.0325547,0.0631151,0.017774,0.0693255   ,n41,n460,n142
n374   ,-0.238742,0.069488,0.000468034,0.0997289  ,-0.228073,0.0873602,-0.258274,0.0660145,-0.229879,0.0550895   ,n435,n503,_
n375   ,0.0265335,-0.0653503,0.000167734,0.0635584  ,0.0236103,-0.0501367,0.021247,-0.0760906,0.0347432,-0.0698238   ,n401,n332,n343
n376   ,-0.208514,0.0839234,0.000400039,0.0945427  ,-0.190984,0.0944784,-0.228073,0.0873602,-0.206484,0.0699317   ,n503,n348,_
n377   ,-0.225212,0.0198005,0.000244841,0.0720256  ,-0.236853,0.00993214,-0.211712,0.0172228,-0.227072,0.0322465   ,n368,n292,n272
n378   ,0.0962863,-0.0438716,0.00017999,0.0657595  ,0.107303,-0.0343802,0.0818294,-0.0454349,0.0997269,-0.0517996   ,n533,n224,_
n379   ,-0.212128,-0.02034,0.000270426,0.0751027  ,-0.221977,-0.0299887,-0.197762,-0.0245715,-0.216644,-0.0064597   ,n260,n459,n19
n380   ,-0.104685,-0.0132503,0.000194644,0.0660924  ,-0.0976463,-0.00152356,-0.118497,-0.017826,-0.0979111,-0.0204013   ,n439,n327,n135
n381   ,-0.382019,-0.0440522,7.67284e-05,0.0416991  ,-0.387655,-0.051855,-0.374163,-0.0422522,-0.384238,-0.0380493   ,n192,n331,n580
n382   ,-0.142519,0.070519,0.000394248,0.0935239  ,-0.123825,0.0660145,-0.154061,0.0873602,-0.14967,0.0581822   ,n387,n498,_
n383   ,0.162251,0.0759529,0.000203188,0.0681353  ,0.166651,0.0892972,0.149371,0.0676777,0.17073,0.0708838   ,n329,n347,n308
n384   ,-0.0376878,0.0195181,8.87755e-05,0.0445335  ,-0.0476884,0.0172667,-0.0305665,0.0152033,-0.0348084,0.0260844   ,n231,n43,n417
n385   ,0.038677,-0.0770308,6.26399e-05,0.0371409  ,0.0347432,-0.0698238,0.0355814,-0.0819753,0.0457063,-0.0792933   ,n438,n455,n401
n386   ,-0.119617,0.0466116,0.000378578,0.0921157  ,-0.104053,0.034828,-0.123825,0.0660145,-0.130972,0.0389924   ,n498,n453,_
n387   ,-0.160712,0.0683772,0.000416149,0.095209  ,-0.154061,0.0873602,-0.178406,0.059589,-0.14967,0.0581822   ,n339,n382,n223
n388   ,0.0224187,0.00768664,0.000190659,0.0655199  ,0.016068,0.0214822,0.0185773,-0.00398313,0.0326109,0.00556084   ,n284,n67,n515
n389   ,-0.385629,0.0219675,0.000269369,0.075075  ,-0.370914,0.0178712,-0.390589,0.0355515,-0.395386,0.0124799   ,n406,n293,n461
n390   ,-0.446433,-0.0807914,0.000196577,0.0648059  ,-0.452951,-0.0710233,-0.450922,-0.0941705,-0.435426,-0.0771804   ,n350,n57,_
n391   ,-0.0674926,-0.0469209,0.000114252,0.0491898  ,-0.0767144,-0.0496542,-0.0589333,-0.0526435,-0.0668302,-0.0384649   ,n245,n428,n102
n392   ,-0.194681,-0.0594814,0.000432643,0.0983634  ,-0.179581,-0.0496136,-0.216997,-0.0549635,-0.187464,-0.0738669   ,n94,n504,n25
n393   ,0.281912,0.0579271,4.51269e-05,0.0355112  ,0.277424,0.0502741,0.285996,0.058188,0.282315,0.0653193   ,n550,n240,n598
n394   ,0.102788,0.0745646,0.000241551,0.0720157  ,0.103952,0.0888381,0.0907326,0.0650732,0.113681,0.0697825   ,n445,n146,n414
n395   ,0.226924,0.0629692,8.73692e-05,0.0475283  ,0.22089,0.0599136,0.238395,0.0591251,0.221488,0.0698688   ,n465,n467,n450
n396   ,0.0343076,-0.0143046,3.70925e-05,0.0277777  ,0.033565,-0.00898077,0.0300935,-0.0173929,0.0392643,-0.01654   ,n372,n241,n484
n397   ,-0.400061,-0.0399655,8.05433e-05,0.0425928  ,-0.396832,-0.0316167,-0.408219,-0.0444292,-0.395133,-0.0438508   ,n362,n456,n398
n398   ,-0.406498,-0.0341744,0.000142092,0.054489  ,-0.414444,-0.0264774,-0.408219,-0.0444292,-0.396832,-0.0316167   ,n397,n73,n112
n399   ,0.0506331,-0.0528851,2.19889e-05,0.0242334  ,0.0537794,-0.0488905,0.0451658,-0.0551673,0.0529542,-0.0545975   ,n538,n91,n562
n400   ,-0.285599,0.0229122,0.000177805,0.0626416  ,-0.278037,0.0344549,-0.297826,0.0199242,-0.280935,0.0143576   ,n295,n353,_
n401   ,0.0305239,-0.0759632,8.46258e-05,0.0425559  ,0.0347432,-0.0698238,0.021247,-0.0760906,0.0355814,-0.0819753   ,n98,n385,n375
n402   ,-0.0311462,-0.041897,8.70062e-05,0.042779  ,-0.0233486,-0.0454801,-0.0312579,-0.034407,-0.0388322,-0.0458039   ,n187,n496,n563
n403   ,-0.316471,0.0407531,0.00027666,0.0763768  ,-0.301473,0.0442752,-0.324717,0.051114,-0.323223,0.0268699   ,n416,n263,n92
n404   ,0.268383,-0.0817799,0.000155001,0.0616647  ,0.282671,-0.0797155,0.263744,-0.0752182,0.258733,-0.0904059   ,n502,_,n148
n405   ,0.138598,0.0715011,0.000243591,0.0732256  ,0.136285,0.0873952,0.130136,0.0594306,0.149371,0.0676777   ,n510,n308,n86
n406   ,-0.402717,0.0253464,0.000346306,0.0870082  ,-0.422177,0.0280077,-0.395386,0.0124799,-0.390589,0.0355515   ,n389,n74,n423
n407   ,-0.386723,-0.0137733,0.000134013,0.0536579  ,-0.39657,-0.0133329,-0.384811,-0.0229319,-0.378788,-0.0050552   ,n468,n246,n298
n408   ,-0.0664091,0.0662445,0.000230662,0.071566  ,-0.0771235,0.0536835,-0.0542455,0.0661524,-0.0678583,0.0788977   ,n446,n577,n281
n409   ,-0.32352,-0.00123624,0.000193013,0.0636852  ,-0.33442,0.00530838,-0.324615,-0.0123833,-0.311524,0.00336619   ,n441,n267,n270
n410   ,-0.0301021,0.059447,0.000101804,0.0472587  ,-0.028067,0.0688928,-0.0385296,0.0536804,-0.0237095,0.0557679   ,n128,n282,n23
n411   ,-0.0183002,0.0196816,2.49966e-05,0.0232218  ,-0.0135108,0.0202361,-0.0220369,0.0227283,-0.0193529,0.0160802   ,n256,n198,_
n412   ,-0.010516,-0.0639673,0.000210898,0.0663321  ,-0.00655882,-0.0513828,-0.0228991,-0.0678177,-0.00209008,-0.0727014   ,n62,n69,n209
n413   ,0.239768,-0.0763403,0.000103476,0.0465179  ,0.236865,-0.0849788,0.248691,-0.0735494,0.233747,-0.0704926   ,n449,n501,n150
n414   ,0.0934616,0.0780878,0.000160789,0.0634088  ,0.103952,0.0888381,0.0857001,0.0803523,0.0907326,0.0650732   ,n318,n394,n555
n415   ,0.219676,-0.0640788,2.04745e-05,0.0208219  ,0.222649,-0.0667968,0.221039,-0.0607334,0.21534,-0.0647062   ,n497,n594,n514
n416   ,-0.330375,0.039612,0.000231522,0.0697874  ,-0.343184,0.0408519,-0.323223,0.0268699,-0.324717,0.051114   ,n403,n140,n247
n417   ,-0.0389679,0.0131233,7.94233e-05,0.0425877  ,-0.0476884,0.0172667,-0.0386487,0.00689992,-0.0305665,0.0152033   ,n493,n384,n330
n418   ,0.211273,-0.0600843,4.66053e-06,0.0102157  ,0.211315,-0.058466,0.209347,-0.0603023,0.213156,-0.0614847   ,n592,n155,_
n419   ,-0.35877,0.0131507,0.000221913,0.0679182  ,-0.370914,0.0178712,-0.356641,0.000141457,-0.348754,0.0214394   ,n420,n485,n355
n420   ,-0.346605,0.00896307,0.000216252,0.0671043  ,-0.33442,0.00530838,-0.348754,0.0214394,-0.356641,0.000141457   ,n419,n213,n184
n421   ,0.285467,0.0836595,0.000129072,0.0534628  ,0.284245,0.0951342,0.2784,0.0795985,0.293755,0.0762457   ,n513,_,n320
n422   ,-0.393836,-0.0496698,4.96999e-05,0.0322239  ,-0.39872,-0.0533037,-0.387655,-0.051855,-0.395133,-0.0438508   ,n331,n362,_
n423   ,-0.409436,0.0140785,0.000263019,0.0783443  ,-0.422177,0.0280077,-0.410746,0.00174785,-0.395386,0.0124799   ,n426,n406,n49
n424   ,0.0653287,0.0471999,4.94242e-06,0.0109678  ,0.0633548,0.0468636,0.0654536,0.0455519,0.0671778,0.0491842   ,n122,n557,_
n425   ,0.0536871,-0.0565528,7.89723e-06,0.0130981  ,0.0563562,-0.0564897,0.0529542,-0.0545975,0.0517511,-0.0585711   ,n538,n336,n431
n426   ,-0.4009,0.00029831,0.000191888,0.0652752  ,-0.39657,-0.0133329,-0.395386,0.0124799,-0.410746,0.00174785   ,n423,n7,n246
n427   ,-0.0650799,-0.0144186,0.000100753,0.0468025  ,-0.0752774,-0.0121658,-0.0607246,-0.0219676,-0.0592379,-0.00912241   ,n371,n463,n179
n428   ,-0.0760341,-0.04004,0.000131126,0.0531165  ,-0.0767144,-0.0496542,-0.0668302,-0.0384649,-0.0845577,-0.0320008   ,n55,n220,n391
n429   ,0.226603,0.0383388,0.000131109,0.0534967  ,0.215381,0.0380752,0.234863,0.0307438,0.229564,0.0461973   ,n367,n338,n27
n430   ,0.11556,-0.077933,0.000104057,0.0502355  ,0.106309,-0.0696183,0.115823,-0.085667,0.12455,-0.0785137   ,n369,n89,n583
n431   ,0.0553252,-0.0549,5.18609e-06,0.0106258  ,0.0563562,-0.0564897,0.0566652,-0.0536127,0.0529542,-0.0545975   ,n91,n425,_
n432   ,-0.0364541,-0.0556647,9.15361e-05,0.045755  ,-0.0405419,-0.0643749,-0.029988,-0.0568153,-0.0388322,-0.0458039   ,n496,n162,n359
n433   ,0.0476739,-0.0640814,1.427e-05,0.0177284  ,0.050607,-0.0631539,0.0463057,-0.0612705,0.046109,-0.0678197   ,n529,n337,n544
n434   ,-0.0269663,0.0104514,3.3165e-05,0.0273211  ,-0.0213644,0.00919871,-0.0305665,0.0152033,-0.0289679,0.00695204   ,n493,n145,n303
n435   ,-0.24575,0.051818,0.000399436,0.0916672  ,-0.258274,0.0660145,-0.249098,0.03435,-0.229879,0.0550895   ,n328,n374,n120
n436   ,0.236618,0.0492381,9.65026e-05,0.0456552  ,0.241894,0.0423918,0.238395,0.0591251,0.229564,0.0461973   ,n450,n367,n183
n437   ,0.195285,0.0597877,2.14315e-05,0.0228317  ,0.200789,0.0593306,0.19187,0.0626669,0.193195,0.0573656   ,n137,n364,n324
n438   ,0.0420149,-0.0835454,4.97277e-05,0.032376  ,0.0355814,-0.0819753,0.044757,-0.0893677,0.0457063,-0.0792933   ,n123,n385,n511
n439   ,-0.106782,-0.0260525,0.000208768,0.0676511  ,-0.10394,-0.0399302,-0.0979111,-0.0204013,-0.118497,-0.017826   ,n380,n442,n526
n440   ,-0.00185166,0.0100905,5.36424e-05,0.0369051  ,-0.0103363,0.00946303,0.0053809,0.00641059,-0.000599559,0.014398   ,n542,n235,n309
n441   ,-0.313607,-0.0084028,0.000181888,0.0614923  ,-0.304682,-0.0161913,-0.311524,0.00336619,-0.324615,-0.0123833   ,n409,n31,n153
n442   ,-0.116542,-0.0320877,0.000246596,0.0721934  ,-0.10394,-0.0399302,-0.118497,-0.017826,-0.127189,-0.0385069   ,n238,n226,n439
n443   ,0.198877,0.0498083,1.26541e-05,0.0174547  ,0.198854,0.0468636,0.201739,0.049487,0.196038,0.0530742   ,n588,n4,_
n444   ,-0.0330259,0.00420393,3.95886e-05,0.0291033  ,-0.0314611,-0.00124017,-0.0289679,0.00695204,-0.0386487,0.00689992   ,n493,n494,n163
n445   ,0.103903,0.0610103,0.000232888,0.0696191  ,0.107297,0.0481753,0.113681,0.0697825,0.0907326,0.0650732   ,n394,n251,n287
n446   ,-0.0558952,0.0780502,0.000211404,0.0676788  ,-0.0455819,0.0891004,-0.0678583,0.0788977,-0.0542455,0.0661524   ,n408,n136,n576
n447   ,0.0392476,0.00615912,7.64824e-05,0.0427674  ,0.0470897,-0.000816701,0.0380421,0.0137332,0.0326109,0.00556084   ,n67,n319,n567
n448   ,0.25952,0.0386497,0.000107475,0.0474835  ,0.268898,0.03637,0.257372,0.0468116,0.252289,0.0327675   ,n470,n516,n170
n449   ,0.239646,-0.0650541,0.000148957,0.0603486  ,0.236499,-0.0511204,0.233747,-0.0704926,0.248691,-0.0735494   ,n413,n172,n482
n450   ,0.229617,0.0550787,0.000116633,0.049408  ,0.22089,0.0599136,0.229564,0.0461973,0.238395,0.0591251   ,n436,n395,n338
n451   ,0.144074,-0.0763689,6.1236e-05,0.0366978  ,0.141431,-0.0815729,0.151045,-0.0780901,0.139746,-0.0694437   ,n483,n199,n486
n452   ,0.0639178,-0.0674429,2.77702e-05,0.0256962  ,0.0604575,-0.0655394,0.0614825,-0.0714534,0.0698135,-0.0653361   ,n457,n537,n334
n453   ,-0.121458,0.0282662,0.000373673,0.0900665  ,-0.104053,0.034828,-0.130972,0.0389924,-0.129349,0.0109781   ,n285,n131,n386
n454   ,0.293611,0.0593697,2.21122e-05,0.0221306  ,0.293952,0.0546027,0.296591,0.0609505,0.290291,0.062556   ,n605,n508,n208
n455   ,0.0421861,-0.0723123,6.47995e-05,0.0375083  ,0.0347432,-0.0698238,0.0457063,-0.0792933,0.046109,-0.0678197   ,n210,n548,n385
n456   ,-0.392068,-0.0378389,7.1569e-05,0.0388352  ,-0.396832,-0.0316167,-0.395133,-0.0438508,-0.384238,-0.0380493   ,n331,n474,n397
n457   ,0.0700848,-0.0717831,8.30541e-05,0.0452788  ,0.0789583,-0.0785598,0.0698135,-0.0653361,0.0614825,-0.0714534   ,n452,n6,n534
n458   ,-0.368802,0.0535078,0.000276785,0.0759107  ,-0.382717,0.057017,-0.365692,0.0394625,-0.357997,0.064044   ,n480,n61,n489
n459   ,-0.226125,-0.0161837,0.000256825,0.0731317  ,-0.221977,-0.0299887,-0.216644,-0.0064597,-0.239753,-0.0121027   ,n477,n255,n379
n460   ,0.0118499,0.0581822,0.000194895,0.0639477  ,0.0172486,0.0464045,0.017774,0.0693255,0.000527256,0.0588166   ,n289,n570,n373
n461   ,-0.375732,0.0309617,0.000258561,0.0738669  ,-0.370914,0.0178712,-0.365692,0.0394625,-0.390589,0.0355515   ,n489,n389,n485
n462   ,-0.426692,-0.0814054,0.00015167,0.0572441  ,-0.424795,-0.0938994,-0.419855,-0.0731364,-0.435426,-0.0771804   ,n133,n350,n313
n463   ,-0.065323,-0.00596609,0.000103718,0.0498432  ,-0.0752774,-0.0121658,-0.0592379,-0.00912241,-0.0614539,0.00338998   ,n472,n20,n427
n464   ,-0.214727,0.056553,0.000285982,0.0774472  ,-0.207817,0.0446379,-0.206484,0.0699317,-0.229879,0.0550895   ,n503,n276,n311
n465   ,0.232798,0.069105,0.000162899,0.0582345  ,0.238511,0.0783211,0.221488,0.0698688,0.238395,0.0591251   ,n395,n290,n551
n466   ,0.275469,-0.0385111,0.000203239,0.0652011  ,0.279831,-0.0264277,0.263803,-0.0397671,0.282774,-0.0493385   ,n473,n197,n528
n467   ,0.217205,0.0664043,6.08419e-05,0.037275  ,0.22089,0.0599136,0.221488,0.0698688,0.209238,0.0694305   ,n553,n28,n395
n468   ,-0.377076,-0.0181976,0.000164646,0.0607028  ,-0.367629,-0.0266056,-0.378788,-0.0050552,-0.384811,-0.0229319   ,n407,n535,n95
n469   ,-0.00563502,0.0631973,8.05391e-05,0.0409657  ,-0.0046474,0.0712084,-0.0127849,0.0595669,0.000527256,0.0588166   ,n249,n289,n70
n470   ,0.250518,0.040657,9.74523e-05,0.045198  ,0.241894,0.0423918,0.252289,0.0327675,0.257372,0.0468116   ,n448,n183,n250
n471   ,0.225368,-0.0733843,9.45867e-05,0.0467414  ,0.21971,-0.0828636,0.233747,-0.0704926,0.222649,-0.0667968   ,n519,n594,n501
n472   ,-0.0565191,-0.00183996,7.52353e-05,0.0396449  ,-0.0488654,0.000212552,-0.0614539,0.00338998,-0.0592379,-0.00912241   ,n463,n304,n90
n473   ,0.270485,-0.0487692,0.000160229,0.0582634  ,0.26488,-0.0572019,0.282774,-0.0493385,0.263803,-0.0397671   ,n466,n81,n110
n474   ,-0.388627,-0.030866,9.33455e-05,0.0440987  ,-0.396832,-0.0316167,-0.384238,-0.0380493,-0.384811,-0.0229319   ,n535,n298,n456
n475   ,0.019268,0.079898,0.000128576,0.0529399  ,0.0124608,0.0891004,0.017774,0.0693255,0.0275692,0.0812682   ,n38,n575,n207
n476   ,-0.145514,0.0432447,0.000299324,0.078907  ,-0.1559,0.0325595,-0.130972,0.0389924,-0.14967,0.0581822   ,n498,n339,n285
n477   ,-0.231083,-0.00287676,0.000246425,0.0720347  ,-0.236853,0.00993214,-0.239753,-0.0121027,-0.216644,-0.0064597   ,n459,n272,n11
n478   ,0.19178,0.0674864,3.84855e-05,0.0287253  ,0.186427,0.0690593,0.19187,0.0626669,0.197043,0.0707329   ,n324,n196,n211
n479   ,0.0968876,-0.060828,0.000165024,0.0600191  ,0.106309,-0.0696183,0.0997269,-0.0517996,0.0846271,-0.061066   ,n533,n232,n97
n480   ,-0.355624,0.0481195,0.000271296,0.0758277  ,-0.343184,0.0408519,-0.357997,0.064044,-0.365692,0.0394625   ,n458,n517,n140
n481   ,0.259105,-0.0686565,0.000136544,0.0562036  ,0.26488,-0.0572019,0.248691,-0.0735494,0.263744,-0.0752182   ,n502,n148,n172
n482   ,0.232718,-0.0610637,6.88322e-05,0.0437583  ,0.236499,-0.0511204,0.227907,-0.0615782,0.233747,-0.0704926   ,n519,n449,n590
n483   ,0.150346,-0.0690309,0.000144464,0.057675  ,0.160246,-0.059559,0.139746,-0.0694437,0.151045,-0.0780901   ,n451,n586,n302
n484   ,0.0293475,-0.0136435,2.8938e-05,0.0262173  ,0.033565,-0.00898077,0.0243839,-0.0145568,0.0300935,-0.0173929   ,n603,n396,n141
n485   ,-0.361787,0.0262577,0.000229919,0.0693931  ,-0.370914,0.0178712,-0.348754,0.0214394,-0.365692,0.0394625   ,n517,n461,n419
n486   ,0.147647,-0.0826716,4.83177e-05,0.0317981  ,0.141431,-0.0815729,0.150466,-0.0883519,0.151045,-0.0780901   ,n39,n451,n15
n487   ,-0.0425506,0.044671,9.94665e-05,0.0475716  ,-0.0520311,0.0399205,-0.0370912,0.0404122,-0.0385296,0.0536804   ,n229,n108,n65
n488   ,-0.0527312,-0.0615367,0.000136197,0.0552229  ,-0.0405419,-0.0643749,-0.0589333,-0.0526435,-0.0587183,-0.0675916   ,n119,n40,n162
n489   ,-0.379666,0.0440103,0.000251812,0.0725189  ,-0.382717,0.057017,-0.390589,0.0355515,-0.365692,0.0394625   ,n461,n458,n75
n490   ,-0.0197998,-0.0183513,1.89215e-05,0.01984  ,-0.018233,-0.0218695,-0.017652,-0.0151232,-0.0235144,-0.0180611   ,n341,n345,n24
n491   ,-0.0354189,-0.00459073,3.12005e-05,0.0255493  ,-0.0314611,-0.00124017,-0.0397657,-0.00301504,-0.0350298,-0.009517   ,n79,n109,n494
n492   ,0.150598,0.0566109,0.000131331,0.0539469  ,0.159371,0.0488312,0.149371,0.0676777,0.143051,0.0533238   ,n510,n54,n329
n493   ,-0.0327277,0.00968509,3.99812e-05,0.0296731  ,-0.0305665,0.0152033,-0.0386487,0.00689992,-0.0289679,0.00695204   ,n444,n434,n417
n494   ,-0.0366252,0.000881571,4.01782e-05,0.0293289  ,-0.0314611,-0.00124017,-0.0386487,0.00689992,-0.0397657,-0.00301504   ,n540,n491,n444
n495   ,-0.0670753,-0.0733087,0.000128802,0.0521292  ,-0.0774461,-0.0701284,-0.0650614,-0.0822061,-0.0587183,-0.0675916   ,n64,n119,n115
n496   ,-0.030723,-0.0493664,8.668e-05,0.042747  ,-0.0233486,-0.0454801,-0.0388322,-0.0458039,-0.029988,-0.0568153   ,n432,n26,n402
n497   ,0.216512,-0.0623081,1.35177e-05,0.0187574  ,0.21534,-0.0647062,0.221039,-0.0607334,0.213156,-0.0614847   ,n155,n592,n415
n498   ,-0.134822,0.0543964,0.000321203,0.0817497  ,-0.123825,0.0660145,-0.14967,0.0581822,-0.130972,0.0389924   ,n476,n386,n382
n499   ,0.00963775,-0.00196679,9.94607e-05,0.0458411  ,0.0053809,0.00641059,0.004955,-0.00832783,0.0185773,-0.00398313   ,n333,n515,n505
n500   ,0.270092,0.0785152,0.000116503,0.0512409  ,0.261378,0.0867277,0.270499,0.0692195,0.2784,0.0795985   ,n527,n320,n237
n501   ,0.230107,-0.079445,0.000120964,0.0508146  ,0.21971,-0.0828636,0.236865,-0.0849788,0.233747,-0.0704926   ,n413,n471,n366
n502   ,0.257056,-0.0797245,0.000118488,0.0507586  ,0.258733,-0.0904059,0.263744,-0.0752182,0.248691,-0.0735494   ,n481,n286,n404
n503   ,-0.221479,0.0707938,0.000364078,0.0877725  ,-0.228073,0.0873602,-0.229879,0.0550895,-0.206484,0.0699317   ,n464,n376,n374
n504   ,-0.176561,-0.0637868,0.000277475,0.0759565  ,-0.179581,-0.0496136,-0.187464,-0.0738669,-0.162637,-0.06788   ,n315,n361,n392
n505   ,0.00144807,-0.00207706,8.15231e-05,0.0420357  ,-0.00599169,-0.00431393,0.004955,-0.00832783,0.0053809,0.00641059   ,n499,n309,n352
n506   ,-0.434856,-0.0452503,0.000115133,0.0504485  ,-0.42861,-0.0536723,-0.433765,-0.034435,-0.442195,-0.0476435   ,n546,n182,n360
n507   ,0.0766248,0.0546594,2.66588e-05,0.0235679  ,0.0726714,0.0571853,0.0766943,0.0501196,0.0805088,0.0566733   ,n541,n524,n323
n508   ,0.29008,0.0584489,2.50775e-05,0.0236086  ,0.293952,0.0546027,0.290291,0.062556,0.285996,0.058188   ,n550,n598,n454
n509   ,0.133221,0.0285695,0.000127006,0.0519276  ,0.133324,0.0373558,0.123533,0.0241825,0.142807,0.0241701   ,n518,n52,n33
n510   ,0.140853,0.060144,0.000111984,0.0508975  ,0.130136,0.0594306,0.143051,0.0533238,0.149371,0.0676777   ,n492,n405,n326
n511   ,0.0367077,-0.0864759,4.94542e-05,0.0352318  ,0.0355814,-0.0819753,0.0297848,-0.0880848,0.044757,-0.0893677   ,n258,n438,n98
n512   ,0.235669,-0.0899835,2.26315e-05,0.0229599  ,0.236865,-0.0849788,0.232522,-0.0905333,0.237618,-0.0944382   ,n547,n279,n366
n513   ,0.284823,0.0737212,0.000103065,0.0463425  ,0.293755,0.0762457,0.2784,0.0795985,0.282315,0.0653193   ,n527,n521,n421
n514   ,0.223865,-0.0630361,2.01428e-05,0.0206021  ,0.222649,-0.0667968,0.227907,-0.0615782,0.221039,-0.0607334   ,n590,n415,n519
n515   ,0.0133421,0.00796989,0.000154985,0.0608629  ,0.016068,0.0214822,0.0053809,0.00641059,0.0185773,-0.00398313   ,n499,n388,n542
n516   ,0.260635,0.028646,0.00014778,0.056261  ,0.268898,0.03637,0.252289,0.0327675,0.260717,0.0168004   ,n531,n306,n448
n517   ,-0.352543,0.0339179,0.000214601,0.0674803  ,-0.343184,0.0408519,-0.365692,0.0394625,-0.348754,0.0214394   ,n485,n247,n480
n518   ,0.133323,0.0192639,0.000142016,0.0544982  ,0.133629,0.00943891,0.142807,0.0241701,0.123533,0.0241825   ,n509,n160,n169
n519   ,0.228101,-0.0662892,3.86756e-05,0.0297627  ,0.222649,-0.0667968,0.233747,-0.0704926,0.227907,-0.0615782   ,n482,n514,n471
n520   ,0.0536185,-0.0641332,1.36393e-05,0.0168439  ,0.050607,-0.0631539,0.0542533,-0.067359,0.0559952,-0.0618866   ,n523,n530,n337
n521   ,0.288787,0.0680404,5.93848e-05,0.0383829  ,0.293755,0.0762457,0.282315,0.0653193,0.290291,0.062556   ,n550,n605,n513
n522   ,0.259322,-0.0311898,0.000116313,0.0492037  ,0.250141,-0.0309202,0.263803,-0.0397671,0.264023,-0.0228822   ,n528,n202,n77
n523   ,0.056902,-0.0649283,1.53911e-05,0.0179752  ,0.0604575,-0.0655394,0.0559952,-0.0618866,0.0542533,-0.067359   ,n520,n334,n536
n524   ,0.0764169,0.0593279,2.8065e-05,0.0242549  ,0.0760706,0.064125,0.0726714,0.0571853,0.0805088,0.0566733   ,n507,n59,n556
n525   ,0.0751889,-0.0606831,6.89605e-05,0.039742  ,0.071126,-0.0556473,0.0698135,-0.0653361,0.0846271,-0.061066   ,n534,n532,n549
n526   ,-0.0954694,-0.0307774,0.000165352,0.0590673  ,-0.10394,-0.0399302,-0.0845577,-0.0320008,-0.0979111,-0.0204013   ,n356,n439,n220
n527   ,0.277071,0.0713791,7.67259e-05,0.0402931  ,0.282315,0.0653193,0.2784,0.0795985,0.270499,0.0692195   ,n500,n240,n513
n528   ,0.269219,-0.0296923,0.000133843,0.053939  ,0.279831,-0.0264277,0.264023,-0.0228822,0.263803,-0.0397671   ,n522,n466,n144
n529   ,0.043834,-0.0632263,2.37044e-05,0.023882  ,0.0390873,-0.0605886,0.046109,-0.0678197,0.0463057,-0.0612705   ,n433,n253,n548
n530   ,0.0527844,-0.0612039,1.16217e-05,0.0156444  ,0.050607,-0.0631539,0.0559952,-0.0618866,0.0517511,-0.0585711   ,n336,n544,n520
n531   ,0.252839,0.0224551,0.000117215,0.0497299  ,0.245509,0.0177974,0.260717,0.0168004,0.252289,0.0327675   ,n516,n322,n201
n532   ,0.0791942,-0.0540494,9.79386e-05,0.0452212  ,0.0818294,-0.0454349,0.071126,-0.0556473,0.0846271,-0.061066   ,n525,n533,n560
n533   ,0.0887278,-0.0527669,0.000130975,0.0525913  ,0.0818294,-0.0454349,0.0846271,-0.061066,0.0997269,-0.0517996   ,n479,n378,n532
n534   ,0.0777996,-0.0683206,0.00011747,0.0498838  ,0.0789583,-0.0785598,0.0846271,-0.061066,0.0698135,-0.0653361   ,n525,n457,n232
n535   ,-0.378893,-0.0291956,0.000128823,0.0528689  ,-0.367629,-0.0266056,-0.384811,-0.0229319,-0.384238,-0.0380493   ,n474,n192,n468
n536   ,0.0597083,-0.0627641,1.4471e-05,0.0176925  ,0.0604575,-0.0655394,0.0626722,-0.0608664,0.0559952,-0.0618866   ,n344,n523,n537
n537   ,0.0643144,-0.0639139,2.16349e-05,0.0229541  ,0.0604575,-0.0655394,0.0698135,-0.0653361,0.0626722,-0.0608664   ,n549,n536,n452
n538   ,0.049957,-0.056112,1.51309e-05,0.0193737  ,0.0451658,-0.0551673,0.0517511,-0.0585711,0.0529542,-0.0545975   ,n425,n399,n543
n539   ,0.00838225,-0.0815034,0.000254882,0.072836  ,0.00598979,-0.0957183,0.021247,-0.0760906,-0.00209008,-0.0727014   ,n343,n227,n363
n540   ,-0.0424266,0.00136581,4.69144e-05,0.0318436  ,-0.0488654,0.000212552,-0.0397657,-0.00301504,-0.0386487,0.00689992   ,n494,n330,n166
n541   ,0.0811928,0.0512189,3.79329e-05,0.0292267  ,0.0863752,0.0468636,0.0805088,0.0566733,0.0766943,0.0501196   ,n507,n601,n222
n542   ,0.00694979,0.0140969,8.77488e-05,0.046565  ,0.016068,0.0214822,-0.000599559,0.014398,0.0053809,0.00641059   ,n440,n515,n569
n543   ,0.0477409,-0.0583363,1.81556e-05,0.0196994  ,0.0451658,-0.0551673,0.0463057,-0.0612705,0.0517511,-0.0585711   ,n544,n538,n253
n544   ,0.0495546,-0.0609985,1.09334e-05,0.0154967  ,0.050607,-0.0631539,0.0517511,-0.0585711,0.0463057,-0.0612705   ,n543,n433,n530
n545   ,0.00331495,-0.0150895,0.000104041,0.0494209  ,0.0116738,-0.0229189,0.004955,-0.00832783,-0.00668397,-0.0140218   ,n352,n564,n333
n546   ,-0.443138,-0.0378407,0.000142648,0.0553142  ,-0.453455,-0.0314435,-0.442195,-0.0476435,-0.433765,-0.034435   ,n506,n335,n578
n547   ,0.233896,-0.0930011,1.08185e-05,0.0161367  ,0.232522,-0.0905333,0.231547,-0.0940318,0.237618,-0.0944382   ,n312,n512,n595
n548   ,0.0399798,-0.0660774,4.81295e-05,0.0318263  ,0.0347432,-0.0698238,0.046109,-0.0678197,0.0390873,-0.0605886   ,n529,n332,n455
n549   ,0.0678706,-0.0606166,3.75283e-05,0.028137  ,0.071126,-0.0556473,0.0626722,-0.0608664,0.0698135,-0.0653361   ,n537,n525,n561
n550   ,0.2862,0.0620211,2.33562e-05,0.0225934  ,0.282315,0.0653193,0.285996,0.058188,0.290291,0.062556   ,n508,n521,n393
n551   ,0.220134,0.0769145,0.000197068,0.0819517  ,0.238511,0.0783211,0.200404,0.0825536,0.221488,0.0698688   ,n553,n465,_
n552   ,0.199028,0.0866189,1.47783e-05,0.0191895  ,0.200404,0.0825536,0.200034,0.0908056,0.196646,0.0864977   ,n168,n22,_
n553   ,0.210377,0.073951,8.23107e-05,0.0526819  ,0.200404,0.0825536,0.209238,0.0694305,0.221488,0.0698688   ,n467,n551,n117
n554   ,0.183548,0.0890628,5.88769e-05,0.0619224  ,0.197017,0.0911991,0.166651,0.0892972,0.186974,0.0866922   ,n600,n252,_
n555   ,0.0870902,0.0864904,0.000150355,0.0697235  ,0.0716186,0.0902809,0.0857001,0.0803523,0.103952,0.0888381   ,n414,_,n16
n556   ,0.0724042,0.0672511,5.41063e-05,0.049363  ,0.0684705,0.0804432,0.0726714,0.0571853,0.0760706,0.064125   ,n524,n607,n2
n557   ,0.066241,0.0506112,1.14441e-05,0.0212991  ,0.0633548,0.0468636,0.0671778,0.0491842,0.0681903,0.0557858   ,n358,n1,n424
n558   ,0.0745138,0.0469837,2.71053e-05,0.0426541  ,0.0654536,0.0455519,0.0863752,0.0468636,0.0717127,0.0485355   ,n601,n122,_
n559   ,0.109988,-0.0158866,0.000119708,0.0760579  ,0.108346,0.00252813,0.107303,-0.0343802,0.114315,-0.0158077   ,n370,n291,_
n560   ,0.0697705,-0.052524,7.09095e-05,0.0573561  ,0.0563562,-0.0564897,0.071126,-0.0556473,0.0818294,-0.0454349   ,n532,_,n561
n561   ,0.0633848,-0.0576678,3.49819e-05,0.0324131  ,0.0563562,-0.0564897,0.0626722,-0.0608664,0.071126,-0.0556473   ,n549,n560,n344
n562   ,0.0408519,-0.0513982,8.93152e-05,0.0629876  ,0.0537794,-0.0488905,0.0236103,-0.0501367,0.0451658,-0.0551673   ,n602,n399,_
n563   ,-0.0263785,-0.0347934,7.6461e-05,0.04661  ,-0.0233486,-0.0454801,-0.0245291,-0.0244929,-0.0312579,-0.034407   ,n186,n402,_
n564   ,-0.00441437,-0.0196034,0.000123409,0.0642883  ,-0.018233,-0.0218695,0.0116738,-0.0229189,-0.00668397,-0.0140218   ,n545,n24,_
n565   ,0.0277826,-0.0214267,9.22959e-05,0.0623918  ,0.0415806,-0.0239682,0.0300935,-0.0173929,0.0116738,-0.0229189   ,n603,_,n372
n566   ,0.0439129,-0.0129005,6.69151e-05,0.0459428  ,0.0453845,-0.0213448,0.0470897,-0.000816701,0.0392643,-0.01654   ,n241,n93,_
n567   ,0.0446423,0.010876,0.000105271,0.0500354  ,0.048795,0.0197114,0.0380421,0.0137332,0.0470897,-0.000816701   ,n447,_,n275
n568   ,0.0332523,0.0193146,0.000128294,0.0646845  ,0.0456469,0.0227283,0.016068,0.0214822,0.0380421,0.0137332   ,n67,n275,_
n569   ,0.000652545,0.0187054,9.43869e-05,0.0618856  ,-0.0135108,0.0202361,-0.000599559,0.014398,0.016068,0.0214822   ,n542,_,n235
n570   ,0.000765809,0.0510447,0.000190493,0.0729529  ,-0.0154784,0.047913,0.0172486,0.0464045,0.000527256,0.0588166   ,n460,n249,_
n571   ,0.0365948,0.0477814,0.000111363,0.068993  ,0.0499755,0.0448961,0.0425604,0.0520435,0.0172486,0.0464045   ,n604,_,n156
n572   ,0.0496889,0.0666845,6.35193e-05,0.0746717  ,0.0525989,0.0476507,0.0491885,0.0845094,0.0472793,0.0678933   ,n574,n573,_
n573   ,0.0474795,0.0558625,8.99193e-05,0.048425  ,0.0525989,0.0476507,0.0472793,0.0678933,0.0425604,0.0520435   ,n606,n156,n572
n574   ,0.0471772,0.0762925,2.6598e-05,0.0346198  ,0.0491885,0.0845094,0.0450638,0.0764748,0.0472793,0.0678933   ,n151,n572,n189
n575   ,0.0271161,0.0866646,0.000116973,0.0619696  ,0.0413183,0.0896251,0.0124608,0.0891004,0.0275692,0.0812682   ,n475,n266,_
n576   ,-0.0627358,0.0858744,0.000154729,0.0664515  ,-0.0747673,0.0896251,-0.0678583,0.0788977,-0.0455819,0.0891004   ,n446,_,n30
n577   ,-0.0743428,0.0730631,0.000164163,0.0725772  ,-0.0780465,0.0866082,-0.0771235,0.0536835,-0.0678583,0.0788977   ,n408,n30,_
n578   ,-0.449534,-0.0500368,0.000218748,0.0850471  ,-0.452951,-0.0710233,-0.442195,-0.0476435,-0.453455,-0.0314435   ,n546,_,n182
n579   ,-0.403399,-0.0796023,0.000170385,0.0672569  ,-0.398667,-0.0936283,-0.400562,-0.0640101,-0.41097,-0.0811685   ,n147,n314,_
n580   ,-0.372982,-0.0488688,0.000150906,0.0669694  ,-0.387655,-0.051855,-0.35713,-0.0524992,-0.374163,-0.0422522   ,n233,n381,_
n581   ,-0.0576134,-0.0905583,0.0002464,0.0886426  ,-0.0738491,-0.0944066,-0.0339296,-0.0950624,-0.0650614,-0.0822061   ,n64,n12,_
n582   ,0.0272279,-0.0933924,0.000160166,0.0830447  ,0.0459092,-0.0963741,0.0297848,-0.0880848,0.00598979,-0.0957183   ,n363,_,n258
n583   ,0.109285,-0.0818752,0.000103278,0.0505159  ,0.106309,-0.0696183,0.105723,-0.0903403,0.115823,-0.085667   ,n239,n430,_
n584   ,0.119452,-0.0918432,0.000107119,0.0545036  ,0.109396,-0.0944066,0.133137,-0.0954559,0.115823,-0.085667   ,n369,n239,_
n585   ,0.147833,-0.0925195,8.02727e-05,0.0564074  ,0.133137,-0.0954559,0.159896,-0.0937507,0.150466,-0.0883519   ,n72,n15,_
n586   ,0.157456,-0.0760839,0.000150513,0.0677817  ,0.161077,-0.0906026,0.160246,-0.059559,0.151045,-0.0780901   ,n483,n39,_
n587   ,0.180039,0.0508469,0.000180378,0.0831167  ,0.159371,0.0488312,0.198854,0.0468636,0.181893,0.056846   ,n4,n203,_
n588   ,0.199522,0.053964,2.63557e-05,0.024481  ,0.201739,0.049487,0.200789,0.0593306,0.196038,0.0530742   ,n364,n443,_
n589   ,0.222951,-0.0567733,6.4267e-05,0.0544244  ,0.236499,-0.0511204,0.211315,-0.058466,0.221039,-0.0607334   ,n155,n590,_
n590   ,0.228482,-0.0578107,3.95425e-05,0.0386602  ,0.236499,-0.0511204,0.221039,-0.0607334,0.227907,-0.0615782   ,n514,n482,n589
n591   ,0.214799,-0.0692907,4.47888e-05,0.0509401  ,0.209347,-0.0603023,0.21971,-0.0828636,0.21534,-0.0647062   ,n594,n592,_
n592   ,0.212615,-0.0621644,4.84411e-06,0.0153176  ,0.209347,-0.0603023,0.21534,-0.0647062,0.213156,-0.0614847   ,n497,n418,n591
n593   ,0.228115,-0.0927076,3.39752e-05,0.0463539  ,0.21971,-0.0828636,0.233089,-0.101227,0.231547,-0.0940318   ,n321,n595,_
n594   ,0.219233,-0.0714556,6.17845e-05,0.0426107  ,0.21971,-0.0828636,0.222649,-0.0667968,0.21534,-0.0647062   ,n415,n591,n471
n595   ,0.227926,-0.0891429,2.6154e-05,0.0348389  ,0.21971,-0.0828636,0.231547,-0.0940318,0.232522,-0.0905333   ,n547,n366,n593
n596   ,0.246441,-0.0950492,3.03725e-05,0.0528406  ,0.234794,-0.101096,0.258733,-0.0904059,0.245796,-0.0936455   ,n286,n597,_
n597   ,0.239403,-0.0963933,2.61058e-05,0.028736  ,0.234794,-0.101096,0.245796,-0.0936455,0.237618,-0.0944382   ,n279,n312,n596
n598   ,0.285791,0.0543549,4.68483e-05,0.0374777  ,0.277424,0.0502741,0.293952,0.0546027,0.285996,0.058188   ,n508,n393,_
n599   ,0.29787,0.0648511,4.59481e-05,0.0442833  ,0.303265,0.0573572,0.293755,0.0762457,0.296591,0.0609505   ,n605,n307,_
n600   ,0.180403,0.0852548,6.94963e-05,0.0504283  ,0.166651,0.0892972,0.187582,0.079775,0.186974,0.0866922   ,n84,n554,n347
n601   ,0.0782607,0.0485062,1.57778e-05,0.0301987  ,0.0863752,0.0468636,0.0766943,0.0501196,0.0717127,0.0485355   ,n323,n558,n541
n602   ,0.0359545,-0.0552975,7.37195e-05,0.0489554  ,0.0236103,-0.0501367,0.0390873,-0.0605886,0.0451658,-0.0551673   ,n253,n562,n332
n603   ,0.0220504,-0.0182895,4.18961e-05,0.0408201  ,0.0116738,-0.0229189,0.0300935,-0.0173929,0.0243839,-0.0145568   ,n484,n242,n565
n604   ,0.032075,0.05186,8.17224e-05,0.0558753  ,0.0172486,0.0464045,0.0425604,0.0520435,0.036416,0.0571319   ,n606,n142,n571
n605   ,0.293546,0.0665841,4.58996e-05,0.0361779  ,0.293755,0.0762457,0.290291,0.062556,0.296591,0.0609505   ,n454,n599,n521
n606   ,0.0420852,0.0590229,6.06991e-05,0.0398063  ,0.036416,0.0571319,0.0425604,0.0520435,0.0472793,0.0678933   ,n573,n124,n604
n607   ,0.0749282,0.0723555,6.58661e-05,0.0415597  ,0.0684705,0.0804432,0.0760706,0.064125,0.0802435,0.0724984   ,n66,n152,n556
